#
# A fatal error has been detected by the Java Runtime Environment:
#
#  SIGBUS (0xa) at pc=0x000000010319bd2c, pid=81668, tid=4611
#
# JRE version: Java(TM) SE Runtime Environment (21.0.4+8) (build 21.0.4+8-LTS-274)
# Java VM: Java HotSpot(TM) 64-Bit Server VM (21.0.4+8-LTS-274, mixed mode, emulated-client, sharing, tiered, compressed oops, compressed class ptrs, g1 gc, bsd-aarch64)
# Problematic frame:
# C  [libzip.dylib+0x13d2c]  newEntry+0x68
#
# No core dump will be written. Core dumps have been disabled. To enable core dumping, try "ulimit -c unlimited" before starting Java again
#
# If you would like to submit a bug report, please visit:
#   https://bugreport.java.com/bugreport/crash.jsp
# The crash happened outside the Java Virtual Machine in native code.
# See problematic frame for where to report the bug.
#

---------------  S U M M A R Y ------------

Command Line: -agentlib:jdwp=transport=dt_socket,address=127.0.0.1:62142,suspend=y,server=n -javaagent:/Users/ahmattursunbaev/Library/Caches/JetBrains/IntelliJIdea2026.2/captureAgent/debugger-agent.jar=file:///var/folders/64/4gwdtvwj04g0g2389h9vq8zc0000gn/T/capture3296304245866142448.props -agentpath:/private/var/folders/64/4gwdtvwj04g0g2389h9vq8zc0000gn/T/idea_libasyncProfiler_dylib_temp_folder/libasyncProfiler.dylib=version,jfr,event=wall,interval=10ms,cstack=no,file=/Users/ahmattursunbaev/IdeaSnapshots/Main_2026_08_27_221539.jfr,log=/private/var/folders/64/4gwdtvwj04g0g2389h9vq8zc0000gn/T/Main_2026_08_27_221539.jfr.log.txt,logLevel=DEBUG -XX:TieredStopAtLevel=1 -Dspring.output.ansi.enabled=always -Dcom.sun.management.jmxremote -Dspring.jmx.enabled=true -Dspring.liveBeansView.mbeanDomain -Dspring.application.admin.enabled=true -Dmanagement.endpoints.jmx.exposure.include=* -Dkotlinx.coroutines.debug.enable.creation.stack.trace=false -Ddebugger.agent.enable.coroutines=true -Dkotlinx.coroutines.debug.enable.flows.stack.trace=true -Dkotlinx.coroutines.debug.enable.mutable.state.flows.stack.trace=true -Ddebugger.async.stack.trace.for.all.threads=true -Ddebugger.agent.enable.log.capture=true -Dfile.encoding=UTF-8 -Dsun.stdout.encoding=UTF-8 -Dsun.stderr.encoding=UTF-8 kg.biamino.projects.Main

Host: "Mac15,3" arm64, 8 cores, 8G, Darwin 25.3.0, macOS 26.3.1 (25D2128)
Time: Thu Aug 27 22:15:41 2026 +06 elapsed time: 2.282921 seconds (0d 0h 0m 2s)

---------------  T H R E A D  ---------------

Current thread (0x00000001330bce00):  JavaThread "main"             [_thread_in_native, id=4611, stack(0x000000016cee4000,0x000000016d0e7000) (2060K)]

Stack: [0x000000016cee4000,0x000000016d0e7000],  sp=0x000000016d0e3690,  free space=2045k
Native frames: (J=compiled Java code, j=interpreted, Vv=VM code, C=native code)
C  [libzip.dylib+0x13d2c]  newEntry+0x68
C  [libzip.dylib+0x13bb8]  ZIP_GetEntry2+0x138
C  [libzip.dylib+0x145e4]  ZIP_FindEntry+0x3c
V  [libjvm.dylib+0x28d488]  ClassPathZipEntry::open_entry(JavaThread*, char const*, int*, bool)+0x74
V  [libjvm.dylib+0x28d5dc]  ClassPathZipEntry::open_stream(JavaThread*, char const*)+0x20
V  [libjvm.dylib+0x2904c4]  ClassLoader::load_class(Symbol*, bool, JavaThread*)+0x150
V  [libjvm.dylib+0x9844d0]  SystemDictionary::load_instance_class_impl(Symbol*, Handle, JavaThread*)+0x318
V  [libjvm.dylib+0x982fa0]  SystemDictionary::load_instance_class(Symbol*, Handle, JavaThread*)+0x20
V  [libjvm.dylib+0x9828c0]  SystemDictionary::resolve_instance_class_or_null(Symbol*, Handle, Handle, JavaThread*)+0x518
V  [libjvm.dylib+0x981e60]  SystemDictionary::resolve_or_fail(Symbol*, Handle, Handle, bool, JavaThread*)+0x24
V  [libjvm.dylib+0x2f46d0]  ConstantPool::klass_at_impl(constantPoolHandle const&, int, JavaThread*)+0x1a8
V  [libjvm.dylib+0x4cb7fc]  InterpreterRuntime::_new(JavaThread*, ConstantPool*, int)+0xb8
j  com.intellij.rt.debugger.agent.CaptureStorage.captureThrowable(Ljava/lang/Throwable;)V+25
j  java.lang.Throwable.<init>(Ljava/lang/String;)V+41 java.base@21.0.4
j  java.lang.Exception.<init>(Ljava/lang/String;)V+2 java.base@21.0.4
j  java.io.IOException.<init>(Ljava/lang/String;)V+2 java.base@21.0.4
j  java.util.zip.ZipException.<init>(Ljava/lang/String;)V+2 java.base@21.0.4
j  java.util.zip.ZipFile$Source.findEND()Ljava/util/zip/ZipFile$Source$End;+665 java.base@21.0.4
j  java.util.zip.ZipFile$Source.initCEN(I)V+6 java.base@21.0.4
j  java.util.zip.ZipFile$Source.<init>(Ljava/util/zip/ZipFile$Source$Key;ZLjava/util/zip/ZipCoder;)V+107 java.base@21.0.4
j  java.util.zip.ZipFile$Source.get(Ljava/io/File;ZLjava/util/zip/ZipCoder;)Ljava/util/zip/ZipFile$Source;+110 java.base@21.0.4
j  java.util.zip.ZipFile$CleanableResource.<init>(Ljava/util/zip/ZipFile;Ljava/util/zip/ZipCoder;Ljava/io/File;I)V+56 java.base@21.0.4
j  java.util.zip.ZipFile.<init>(Ljava/io/File;ILjava/nio/charset/Charset;)V+123 java.base@21.0.4
j  java.util.zip.ZipFile.<init>(Ljava/io/File;I)V+6 java.base@21.0.4
j  java.util.jar.JarFile.<init>(Ljava/io/File;ZILjava/lang/Runtime$Version;)V+3 java.base@21.0.4
j  jdk.internal.loader.URLClassPath$JarLoader.getJarFile(Ljava/net/URL;)Ljava/util/jar/JarFile;+56 java.base@21.0.4
j  jdk.internal.loader.URLClassPath$JarLoader$1.run()Ljava/lang/Void;+55 java.base@21.0.4
j  jdk.internal.loader.URLClassPath$JarLoader$1.run()Ljava/lang/Object;+1 java.base@21.0.4
j  java.security.AccessController.executePrivileged(Ljava/security/PrivilegedExceptionAction;Ljava/security/AccessControlContext;Ljava/lang/Class;)Ljava/lang/Object;+29 java.base@21.0.4
j  java.security.AccessController.doPrivileged(Ljava/security/PrivilegedExceptionAction;Ljava/security/AccessControlContext;)Ljava/lang/Object;+13 java.base@21.0.4
j  jdk.internal.loader.URLClassPath$JarLoader.ensureOpen()V+19 java.base@21.0.4
j  jdk.internal.loader.URLClassPath$JarLoader.<init>(Ljava/net/URL;Ljava/net/URLStreamHandler;Ljava/util/HashMap;Ljava/security/AccessControlContext;)V+59 java.base@21.0.4
j  jdk.internal.loader.URLClassPath$3.run()Ljdk/internal/loader/URLClassPath$Loader;+168 java.base@21.0.4
j  jdk.internal.loader.URLClassPath$3.run()Ljava/lang/Object;+1 java.base@21.0.4
j  java.security.AccessController.executePrivileged(Ljava/security/PrivilegedExceptionAction;Ljava/security/AccessControlContext;Ljava/lang/Class;)Ljava/lang/Object;+29 java.base@21.0.4
j  java.security.AccessController.doPrivileged(Ljava/security/PrivilegedExceptionAction;Ljava/security/AccessControlContext;)Ljava/lang/Object;+13 java.base@21.0.4
j  jdk.internal.loader.URLClassPath.getLoader(Ljava/net/URL;)Ljdk/internal/loader/URLClassPath$Loader;+13 java.base@21.0.4
j  jdk.internal.loader.URLClassPath.getLoader(I)Ljdk/internal/loader/URLClassPath$Loader;+81 java.base@21.0.4
j  jdk.internal.loader.URLClassPath$1.next()Z+24 java.base@21.0.4
j  jdk.internal.loader.URLClassPath$1.hasMoreElements()Z+1 java.base@21.0.4
j  jdk.internal.loader.BuiltinClassLoader$1.hasNext()Z+43 java.base@21.0.4
j  jdk.internal.loader.BuiltinClassLoader$1.hasMoreElements()Z+1 java.base@21.0.4
j  java.lang.CompoundEnumeration.next()Z+33 java.base@21.0.4
j  java.lang.CompoundEnumeration.hasMoreElements()Z+1 java.base@21.0.4
j  java.lang.CompoundEnumeration.next()Z+33 java.base@21.0.4
j  java.lang.CompoundEnumeration.hasMoreElements()Z+1 java.base@21.0.4
j  java.util.ServiceLoader$LazyClassPathLookupIterator.nextProviderClass()Ljava/lang/Class;+152 java.base@21.0.4
j  java.util.ServiceLoader$LazyClassPathLookupIterator.hasNextService()Z+15 java.base@21.0.4
j  java.util.ServiceLoader$LazyClassPathLookupIterator.hasNext()Z+11 java.base@21.0.4
j  java.util.ServiceLoader$2.hasNext()Z+16 java.base@21.0.4
j  java.util.ServiceLoader$3.hasNext()Z+32 java.base@21.0.4
j  jdk.internal.logger.BootstrapLogger$DetectBackend$1.run()Ljdk/internal/logger/BootstrapLogger$LoggingBackend;+13 java.base@21.0.4
j  jdk.internal.logger.BootstrapLogger$DetectBackend$1.run()Ljava/lang/Object;+1 java.base@21.0.4
j  java.security.AccessController.executePrivileged(Ljava/security/PrivilegedAction;Ljava/security/AccessControlContext;Ljava/lang/Class;)Ljava/lang/Object;+29 java.base@21.0.4
j  java.security.AccessController.doPrivileged(Ljava/security/PrivilegedAction;)Ljava/lang/Object;+5 java.base@21.0.4
j  jdk.internal.logger.BootstrapLogger$DetectBackend.<clinit>()V+7 java.base@21.0.4
v  ~StubRoutines::call_stub 0x0000000112700140
V  [libjvm.dylib+0x4d7f94]  JavaCalls::call_helper(JavaValue*, methodHandle const&, JavaCallArguments*, JavaThread*)+0x39c
V  [libjvm.dylib+0x4b1744]  InstanceKlass::call_class_initializer(JavaThread*)+0x280
V  [libjvm.dylib+0x4b047c]  InstanceKlass::initialize_impl(JavaThread*)+0x400
V  [libjvm.dylib+0x709608]  LinkResolver::resolve_field(fieldDescriptor&, LinkInfo const&, Bytecodes::Code, bool, JavaThread*)+0x2c4
V  [libjvm.dylib+0x709328]  LinkResolver::resolve_field_access(fieldDescriptor&, constantPoolHandle const&, int, methodHandle const&, Bytecodes::Code, JavaThread*)+0x4c
V  [libjvm.dylib+0x4ce57c]  InterpreterRuntime::resolve_get_put(JavaThread*, Bytecodes::Code)+0x1d0
V  [libjvm.dylib+0x4cfbcc]  InterpreterRuntime::resolve_from_cache(JavaThread*, Bytecodes::Code)+0x78
j  jdk.internal.logger.BootstrapLogger.useLazyLoggers()Z+6 java.base@21.0.4
j  jdk.internal.logger.LazyLoggers.getLazyLogger(Ljava/lang/String;Ljava/lang/Module;)Ljava/lang/System$Logger;+0 java.base@21.0.4
j  jdk.internal.logger.LazyLoggers.getLogger(Ljava/lang/String;Ljava/lang/Module;)Ljava/lang/System$Logger;+9 java.base@21.0.4
j  java.lang.System.getLogger(Ljava/lang/String;)Ljava/lang/System$Logger;+29 java.base@21.0.4
j  sun.management.jmxremote.ConnectorBootstrap.<clinit>()V+9 jdk.management.agent@21.0.4
v  ~StubRoutines::call_stub 0x0000000112700140
V  [libjvm.dylib+0x4d7f94]  JavaCalls::call_helper(JavaValue*, methodHandle const&, JavaCallArguments*, JavaThread*)+0x39c
V  [libjvm.dylib+0x4b1744]  InstanceKlass::call_class_initializer(JavaThread*)+0x280
V  [libjvm.dylib+0x4b047c]  InstanceKlass::initialize_impl(JavaThread*)+0x400
V  [libjvm.dylib+0x7099fc]  LinkResolver::resolve_static_call(CallInfo&, LinkInfo const&, bool, JavaThread*)+0x78
V  [libjvm.dylib+0x70badc]  LinkResolver::resolve_invoke(CallInfo&, Handle, constantPoolHandle const&, int, Bytecodes::Code, JavaThread*)+0x114
V  [libjvm.dylib+0x4cf504]  InterpreterRuntime::resolve_invoke(JavaThread*, Bytecodes::Code)+0x2dc
V  [libjvm.dylib+0x4cfbec]  InterpreterRuntime::resolve_from_cache(JavaThread*, Bytecodes::Code)+0x98
j  jdk.internal.agent.Agent.startLocalManagementAgent()V+13 jdk.management.agent@21.0.4
j  jdk.internal.agent.Agent.startAgent(Ljava/util/Properties;)V+58 jdk.management.agent@21.0.4
j  jdk.internal.agent.Agent.startAgent()V+20 jdk.management.agent@21.0.4
v  ~StubRoutines::call_stub 0x0000000112700140
V  [libjvm.dylib+0x4d7f94]  JavaCalls::call_helper(JavaValue*, methodHandle const&, JavaCallArguments*, JavaThread*)+0x39c
V  [libjvm.dylib+0x4d7540]  JavaCalls::call_static(JavaValue*, Klass*, Symbol*, Symbol*, JavaCallArguments*, JavaThread*)+0xe8
V  [libjvm.dylib+0x4d75c8]  JavaCalls::call_static(JavaValue*, Klass*, Symbol*, Symbol*, JavaThread*)+0x4c
V  [libjvm.dylib+0x7b40ec]  Management::initialize(JavaThread*)+0xf4
V  [libjvm.dylib+0x9b9274]  Threads::create_vm(JavaVMInitArgs*, bool*)+0x7a8
V  [libjvm.dylib+0x55d42c]  JNI_CreateJavaVM+0x68
C  [libjli.dylib+0xa9ec]  JavaMain+0x104
C  [libjli.dylib+0xd8c8]  ThreadJavaMain+0xc
C  [libsystem_pthread.dylib+0x6c08]  _pthread_start+0x88
Java frames: (J=compiled Java code, j=interpreted, Vv=VM code)
j  com.intellij.rt.debugger.agent.CaptureStorage.captureThrowable(Ljava/lang/Throwable;)V+25
j  java.lang.Throwable.<init>(Ljava/lang/String;)V+41 java.base@21.0.4
j  java.lang.Exception.<init>(Ljava/lang/String;)V+2 java.base@21.0.4
j  java.io.IOException.<init>(Ljava/lang/String;)V+2 java.base@21.0.4
j  java.util.zip.ZipException.<init>(Ljava/lang/String;)V+2 java.base@21.0.4
j  java.util.zip.ZipFile$Source.findEND()Ljava/util/zip/ZipFile$Source$End;+665 java.base@21.0.4
j  java.util.zip.ZipFile$Source.initCEN(I)V+6 java.base@21.0.4
j  java.util.zip.ZipFile$Source.<init>(Ljava/util/zip/ZipFile$Source$Key;ZLjava/util/zip/ZipCoder;)V+107 java.base@21.0.4
j  java.util.zip.ZipFile$Source.get(Ljava/io/File;ZLjava/util/zip/ZipCoder;)Ljava/util/zip/ZipFile$Source;+110 java.base@21.0.4
j  java.util.zip.ZipFile$CleanableResource.<init>(Ljava/util/zip/ZipFile;Ljava/util/zip/ZipCoder;Ljava/io/File;I)V+56 java.base@21.0.4
j  java.util.zip.ZipFile.<init>(Ljava/io/File;ILjava/nio/charset/Charset;)V+123 java.base@21.0.4
j  java.util.zip.ZipFile.<init>(Ljava/io/File;I)V+6 java.base@21.0.4
j  java.util.jar.JarFile.<init>(Ljava/io/File;ZILjava/lang/Runtime$Version;)V+3 java.base@21.0.4
j  jdk.internal.loader.URLClassPath$JarLoader.getJarFile(Ljava/net/URL;)Ljava/util/jar/JarFile;+56 java.base@21.0.4
j  jdk.internal.loader.URLClassPath$JarLoader$1.run()Ljava/lang/Void;+55 java.base@21.0.4
j  jdk.internal.loader.URLClassPath$JarLoader$1.run()Ljava/lang/Object;+1 java.base@21.0.4
j  java.security.AccessController.executePrivileged(Ljava/security/PrivilegedExceptionAction;Ljava/security/AccessControlContext;Ljava/lang/Class;)Ljava/lang/Object;+29 java.base@21.0.4
j  java.security.AccessController.doPrivileged(Ljava/security/PrivilegedExceptionAction;Ljava/security/AccessControlContext;)Ljava/lang/Object;+13 java.base@21.0.4
j  jdk.internal.loader.URLClassPath$JarLoader.ensureOpen()V+19 java.base@21.0.4
j  jdk.internal.loader.URLClassPath$JarLoader.<init>(Ljava/net/URL;Ljava/net/URLStreamHandler;Ljava/util/HashMap;Ljava/security/AccessControlContext;)V+59 java.base@21.0.4
j  jdk.internal.loader.URLClassPath$3.run()Ljdk/internal/loader/URLClassPath$Loader;+168 java.base@21.0.4
j  jdk.internal.loader.URLClassPath$3.run()Ljava/lang/Object;+1 java.base@21.0.4
j  java.security.AccessController.executePrivileged(Ljava/security/PrivilegedExceptionAction;Ljava/security/AccessControlContext;Ljava/lang/Class;)Ljava/lang/Object;+29 java.base@21.0.4
j  java.security.AccessController.doPrivileged(Ljava/security/PrivilegedExceptionAction;Ljava/security/AccessControlContext;)Ljava/lang/Object;+13 java.base@21.0.4
j  jdk.internal.loader.URLClassPath.getLoader(Ljava/net/URL;)Ljdk/internal/loader/URLClassPath$Loader;+13 java.base@21.0.4
j  jdk.internal.loader.URLClassPath.getLoader(I)Ljdk/internal/loader/URLClassPath$Loader;+81 java.base@21.0.4
j  jdk.internal.loader.URLClassPath$1.next()Z+24 java.base@21.0.4
j  jdk.internal.loader.URLClassPath$1.hasMoreElements()Z+1 java.base@21.0.4
j  jdk.internal.loader.BuiltinClassLoader$1.hasNext()Z+43 java.base@21.0.4
j  jdk.internal.loader.BuiltinClassLoader$1.hasMoreElements()Z+1 java.base@21.0.4
j  java.lang.CompoundEnumeration.next()Z+33 java.base@21.0.4
j  java.lang.CompoundEnumeration.hasMoreElements()Z+1 java.base@21.0.4
j  java.lang.CompoundEnumeration.next()Z+33 java.base@21.0.4
j  java.lang.CompoundEnumeration.hasMoreElements()Z+1 java.base@21.0.4
j  java.util.ServiceLoader$LazyClassPathLookupIterator.nextProviderClass()Ljava/lang/Class;+152 java.base@21.0.4
j  java.util.ServiceLoader$LazyClassPathLookupIterator.hasNextService()Z+15 java.base@21.0.4
j  java.util.ServiceLoader$LazyClassPathLookupIterator.hasNext()Z+11 java.base@21.0.4
j  java.util.ServiceLoader$2.hasNext()Z+16 java.base@21.0.4
j  java.util.ServiceLoader$3.hasNext()Z+32 java.base@21.0.4
j  jdk.internal.logger.BootstrapLogger$DetectBackend$1.run()Ljdk/internal/logger/BootstrapLogger$LoggingBackend;+13 java.base@21.0.4
j  jdk.internal.logger.BootstrapLogger$DetectBackend$1.run()Ljava/lang/Object;+1 java.base@21.0.4
j  java.security.AccessController.executePrivileged(Ljava/security/PrivilegedAction;Ljava/security/AccessControlContext;Ljava/lang/Class;)Ljava/lang/Object;+29 java.base@21.0.4
j  java.security.AccessController.doPrivileged(Ljava/security/PrivilegedAction;)Ljava/lang/Object;+5 java.base@21.0.4
j  jdk.internal.logger.BootstrapLogger$DetectBackend.<clinit>()V+7 java.base@21.0.4
v  ~StubRoutines::call_stub 0x0000000112700140
j  jdk.internal.logger.BootstrapLogger.useLazyLoggers()Z+6 java.base@21.0.4
j  jdk.internal.logger.LazyLoggers.getLazyLogger(Ljava/lang/String;Ljava/lang/Module;)Ljava/lang/System$Logger;+0 java.base@21.0.4
j  jdk.internal.logger.LazyLoggers.getLogger(Ljava/lang/String;Ljava/lang/Module;)Ljava/lang/System$Logger;+9 java.base@21.0.4
j  java.lang.System.getLogger(Ljava/lang/String;)Ljava/lang/System$Logger;+29 java.base@21.0.4
j  sun.management.jmxremote.ConnectorBootstrap.<clinit>()V+9 jdk.management.agent@21.0.4
v  ~StubRoutines::call_stub 0x0000000112700140
j  jdk.internal.agent.Agent.startLocalManagementAgent()V+13 jdk.management.agent@21.0.4
j  jdk.internal.agent.Agent.startAgent(Ljava/util/Properties;)V+58 jdk.management.agent@21.0.4
j  jdk.internal.agent.Agent.startAgent()V+20 jdk.management.agent@21.0.4
v  ~StubRoutines::call_stub 0x0000000112700140

siginfo: si_signo: 10 (SIGBUS), si_code: 1 (BUS_ADRALN), si_addr: 0x00000001030953e8

Registers:
 x0=0x000060000901a530  x1=0x0000000000000000  x2=0x0000000000000000  x3=0x000060000901a540
 x4=0x000060000901a580  x5=0x00000000ada2a7fb  x6=0x000000002dc00000  x7=0x0000000000000000
 x8=0x00000001031c93cc  x9=0x0000000000134000 x10=0x0000600009018000 x11=0x0000000000002530
x12=0x0000000000000050 x13=0x0000000000000001 x14=0x00000000ffffffab x15=0x00000000000007fb
x16=0x000000018a9b9050 x17=0x00000001f8237120 x18=0x0000000000000000 x19=0x000060000901a530
x20=0x0000000000000000 x21=0x0000600000235f80 x22=0x00000001030953cc x23=0x00000001326f4d70
x24=0x000000008574a0c5 x25=0x000000000000002f x26=0x0000000000000035 x27=0x000060000901a558
x28=0x0000000134830200  fp=0x000000016d0e3710  lr=0x000000010319bcf8  sp=0x000000016d0e3690
pc=0x000000010319bd2c cpsr=0x0000000060001000

Register to memory mapping:

x0 =0x000060000901a530 points into unknown readable memory: 0x0000000000000000 | 00 00 00 00 00 00 00 00
x1 =0x0 is null
x2 =0x0 is null
x3 =0x000060000901a540 points into unknown readable memory: 0x0000000000000000 | 00 00 00 00 00 00 00 00
x4 =0x000060000901a580 points into unknown readable memory: 0x000000004d55545a | 5a 54 55 4d 00 00 00 00
x5 =0x00000000ada2a7fb is an unknown value
x6 =0x000000002dc00000 is an unknown value
x7 =0x0 is null
x8 =0x00000001031c93cc is an unknown value
x9 =0x0000000000134000 is an unknown value
x10=0x0000600009018000 points into unknown readable memory: 0x0000600000d01bc0 | c0 1b d0 00 00 60 00 00
x11=0x0000000000002530 is an unknown value
x12=0x0000000000000050 is an unknown value
x13=0x0000000000000001 is an unknown value
x14=0x00000000ffffffab is an unknown value
x15=0x00000000000007fb is an unknown value
x16=0x000000018a9b9050: __bzero+0 in /usr/lib/system/libsystem_platform.dylib at 0x000000018a9b6000
x17=0x00000001f8237120 points into unknown readable memory: 0x000000018a9b9050 | 50 90 9b 8a 01 00 00 00
x18=0x0 is null
x19=0x000060000901a530 points into unknown readable memory: 0x0000000000000000 | 00 00 00 00 00 00 00 00
x20=0x0 is null
x21=0x0000600000235f80 points into unknown readable memory: 0x0000600009f86ca0 | a0 6c f8 09 00 60 00 00
x22=0x00000001030953cc points into unknown readable memory: 50 4b 01 02
x23=0x00000001326f4d70 points into unknown readable memory: 0x65746e692f6d6f63 | 63 6f 6d 2f 69 6e 74 65
x24=0x000000008574a0c5 is an unknown value
x25=0x000000000000002f is an unknown value
x26=0x0000000000000035 is an unknown value
x27=0x000060000901a558 points into unknown readable memory: 0x0000000000000000 | 00 00 00 00 00 00 00 00
x28=0x0000000134830200 points into unknown readable memory: 0xffffffff5bbd78a2 | a2 78 bd 5b ff ff ff ff
 fp=0x000000016d0e3710 is pointing into the stack for thread: 0x00000001330bce00
 lr=0x000000010319bcf8: newEntry+0x34 in /Library/Java/JavaVirtualMachines/jdk-21.jdk/Contents/Home/lib/libzip.dylib at 0x0000000103188000
 sp=0x000000016d0e3690 is pointing into the stack for thread: 0x00000001330bce00

Top of Stack: (sp=0x000000016d0e3690)
0x000000016d0e3690:   0000000000000000 0000000000000000
0x000000016d0e36a0:   0000000000000000 0000000000000000
0x000000016d0e36b0:   0000000000000000 0000000000000000
0x000000016d0e36c0:   0000000134830200 00000000000000ac
0x000000016d0e36d0:   0000000000000035 000000000000002f
0x000000016d0e36e0:   000000008574a0c5 00000001326f4d70
0x000000016d0e36f0:   000060000900b8e0 0000000000000000
0x000000016d0e3700:   00000001326f4d70 0000600000235f80
0x000000016d0e3710:   000000016d0e3770 000000010319bbb8
0x000000016d0e3720:   00000001326f4d40 000000000000002f
0x000000016d0e3730:   00000001330bd24c 00000001326f4d70
0x000000016d0e3740:   0000600006314c60 00000001326f4d70
0x000000016d0e3750:   0000600000235f80 00000001326f4d70
0x000000016d0e3760:   000000016d0e389c 000000016d0e37b4
0x000000016d0e3770:   000000016d0e37a0 000000010319c5e4
0x000000016d0e3780:   000000016d0e389c 0000600006314c60
0x000000016d0e3790:   0000000000000000 00000001330bce00
0x000000016d0e37a0:   000000016d0e3880 000000010474d488
0x000000016d0e37b0:   0000000104fe23c8 0000000000000100
0x000000016d0e37c0:   000000016d0e37e0 0000000104a5de70
0x000000016d0e37d0:   0000000104fe23c8 000000016d0e3860
0x000000016d0e37e0:   000000016d0e3830 00000001047520e4
0x000000016d0e37f0:   0000000000000000 0000000000000000
0x000000016d0e3800:   0000000000000001 00000001189e04a0
0x000000016d0e3810:   00000001330bce00 00000000000003d8
0x000000016d0e3820:   0000000104ff8b70 000000016d0e3928
0x000000016d0e3830:   000000016d0e3850 bee42a2b8d5f00cf
0x000000016d0e3840:   0000000000000001 00000001326f4d70
0x000000016d0e3850:   0000600006314c60 00000001189e04a0
0x000000016d0e3860:   00000001330bce00 00000000000003d8
0x000000016d0e3870:   00000001326f4d30 0000600006314c60
0x000000016d0e3880:   000000016d0e38b0 000000010474d5dc 

Instructions: (pc=0x000000010319bd2c)
0x000000010319bc2c:   e0 03 17 aa 98 04 00 94 d2 ff ff 17 16 00 80 d2
0x000000010319bc3c:   bf 1e 00 72 60 01 00 54 56 01 00 b5 5f 07 00 f1
0x000000010319bc4c:   4b f6 ff 54 48 03 14 8b 08 f1 5f 38 1f bd 00 71
0x000000010319bc5c:   c1 f5 ff 54 16 00 80 d2 02 00 00 14 7f 4e 00 f9
0x000000010319bc6c:   60 2a 40 f9 70 04 00 94 e0 03 16 aa fd 7b 45 a9
0x000000010319bc7c:   f4 4f 44 a9 f6 57 43 a9 f8 5f 42 a9 fa 67 41 a9
0x000000010319bc8c:   fc 6f c6 a8 c0 03 5f d6 3f 00 03 6b e1 00 00 54
0x000000010319bc9c:   21 04 00 71 eb 00 00 54 08 14 40 38 49 14 40 38
0x000000010319bcac:   1f 01 09 6b 60 ff ff 54 00 00 80 52 c0 03 5f d6
0x000000010319bcbc:   20 00 80 52 c0 03 5f d6 ff 43 02 d1 fc 6f 03 a9
0x000000010319bccc:   fa 67 04 a9 f8 5f 05 a9 f6 57 06 a9 f4 4f 07 a9
0x000000010319bcdc:   fd 7b 08 a9 fd 03 02 91 f4 03 02 aa f6 03 01 aa
0x000000010319bcec:   f5 03 00 aa 00 09 80 52 73 04 00 94 f3 03 00 aa
0x000000010319bcfc:   20 13 00 b4 7f 02 00 f9 fb 03 13 aa 7f 8f 02 f8
0x000000010319bd0c:   7f 1a 00 f9 a8 c2 40 39 88 02 00 34 a8 0e 40 f9
0x000000010319bd1c:   c9 06 40 f9 08 01 09 8b a9 16 40 f9 16 01 09 cb
0x000000010319bd2c:   d8 3a 40 79 da 7a 40 39 dc 7e 40 39 c8 42 40 79
0x000000010319bd3c:   e8 17 00 f9 c8 0e 40 b9 68 06 00 f9 c8 1a 40 b9
0x000000010319bd4c:   e8 0f 00 f9 68 0a 00 f9 c8 16 40 79 88 04 00 34
0x000000010319bd5c:   c8 16 40 b9 23 00 00 14 d7 06 40 f9 54 0d 00 34
0x000000010319bd6c:   a8 1e 40 f9 88 02 00 b4 a9 22 40 f9 3f 01 17 eb
0x000000010319bd7c:   2c 02 00 54 4a fa 83 52 2a 01 0a 8b 5f 01 17 eb
0x000000010319bd8c:   ab 01 00 54 2a 09 40 91 08 01 17 8b 16 01 09 cb
0x000000010319bd9c:   c8 3a 40 79 c9 3e 40 79 cb 42 40 79 e8 02 08 8b
0x000000010319bdac:   08 01 09 8b 08 01 0b 8b 08 b9 00 91 1f 01 0a eb
0x000000010319bdbc:   4d 0b 00 54 e0 03 15 aa e1 03 17 aa 02 00 84 52
0x000000010319bdcc:   90 03 00 94 f6 03 00 aa a0 0a 00 b4 a0 1e 40 f9
0x000000010319bddc:   2d 04 00 94 b6 de 03 a9 d2 ff ff 17 08 00 80 d2
0x000000010319bdec:   f7 03 08 aa 68 0e 00 f9 c8 12 40 b9 68 22 00 b9
0x000000010319bdfc:   c9 a2 42 b8 a8 5e 40 f9 e9 0b 00 f9 08 01 09 8b
0x000000010319be0c:   e8 03 08 cb 68 1e 00 f9 c8 12 40 79 68 42 00 b9
0x000000010319be1c:   00 07 00 91 28 04 00 94 f9 03 00 aa 60 02 00 f9 


Stack slot to memory mapping:

stack at sp + 0 slots: 0x0 is null
stack at sp + 1 slots: 0x0 is null
stack at sp + 2 slots: 0x0 is null
stack at sp + 3 slots: 0x0 is null
stack at sp + 4 slots: 0x0 is null
stack at sp + 5 slots: 0x0 is null
stack at sp + 6 slots: 0x0000000134830200 points into unknown readable memory: 0xffffffff5bbd78a2 | a2 78 bd 5b ff ff ff ff
stack at sp + 7 slots: 0x00000000000000ac is an unknown value


---------------  P R O C E S S  ---------------

Threads class SMR info:
_java_thread_list=0x00006000076205e0, length=15, elements={
0x00000001330bce00, 0x000000013397b000, 0x000000013317cc00, 0x000000013317f600,
0x000000013317fe00, 0x000000010f019c00, 0x0000000134838200, 0x0000000133977800,
0x000000013317d400, 0x0000000122937000, 0x0000000122937800, 0x000000013319aa00,
0x0000000122989200, 0x00000001331a7c00, 0x000000013296de00
}

Java Threads: ( => current thread )
=>0x00000001330bce00 JavaThread "main"                              [_thread_in_native, id=4611, stack(0x000000016cee4000,0x000000016d0e7000) (2060K)]
  0x000000013397b000 JavaThread "Reference Handler"          daemon [_thread_blocked, id=22019, stack(0x000000016e05c000,0x000000016e25f000) (2060K)]
  0x000000013317cc00 JavaThread "Finalizer"                  daemon [_thread_blocked, id=22531, stack(0x000000016e268000,0x000000016e46b000) (2060K)]
  0x000000013317f600 JavaThread "Signal Dispatcher"          daemon [_thread_blocked, id=23043, stack(0x000000016e474000,0x000000016e677000) (2060K)]
  0x000000013317fe00 JavaThread "Service Thread"             daemon [_thread_blocked, id=23555, stack(0x000000016e680000,0x000000016e883000) (2060K)]
  0x000000010f019c00 JavaThread "Monitor Deflation Thread"   daemon [_thread_blocked, id=31235, stack(0x000000016e88c000,0x000000016ea8f000) (2060K)]
  0x0000000134838200 JavaThread "C1 CompilerThread0"         daemon [_thread_blocked, id=30979, stack(0x000000016ea98000,0x000000016ec9b000) (2060K)]
  0x0000000133977800 JavaThread "Common-Cleaner"             daemon [_thread_blocked, id=30467, stack(0x000000016eca4000,0x000000016eea7000) (2060K)]
  0x000000013317d400 JavaThread "JDWP Transport Listener: dt_socket" daemon [_thread_blocked, id=29955, stack(0x000000016eeb0000,0x000000016f0b3000) (2060K)]
  0x0000000122937000 JavaThread "JDWP Event Helper Thread"   daemon [_thread_blocked, id=29699, stack(0x000000016f0bc000,0x000000016f2bf000) (2060K)]
  0x0000000122937800 JavaThread "JDWP Command Reader"        daemon [_thread_in_native, id=24579, stack(0x000000016f2c8000,0x000000016f4cb000) (2060K)]
  0x000000013319aa00 JavaThread "IntelliJ Debugger Overhead Detector Coarse Timer" daemon [_thread_blocked, id=24835, stack(0x000000016f4d4000,0x000000016f6d7000) (2060K)]
  0x0000000122989200 JavaThread "IntelliJ Debugger Helper Thread" daemon [_thread_blocked, id=28675, stack(0x000000016f6e0000,0x000000016f8e3000) (2060K)]
  0x00000001331a7c00 JavaThread "Notification Thread"        daemon [_thread_blocked, id=25091, stack(0x000000016f8ec000,0x000000016faef000) (2060K)]
  0x000000013296de00 JavaThread "Attach Listener"            daemon [_thread_blocked, id=25603, stack(0x000000016faf8000,0x000000016fcfb000) (2060K)]
Total: 15

Other Threads:
  0x00000001340c82e0 VMThread "VM Thread"                           [id=19459, stack(0x000000016dd38000,0x000000016df3b000) (2060K)]
  0x000000012260f970 WatcherThread "VM Periodic Task Thread"        [id=20739, stack(0x000000016db2c000,0x000000016dd2f000) (2060K)]
  0x00000001227f0d90 WorkerThread "GC Thread#0"                     [id=12291, stack(0x000000016d0f0000,0x000000016d2f3000) (2060K)]
  0x00000001227f1530 ConcurrentGCThread "G1 Main Marker"            [id=14339, stack(0x000000016d2fc000,0x000000016d4ff000) (2060K)]
  0x00000001227f1ea0 WorkerThread "G1 Conc#0"                       [id=13059, stack(0x000000016d508000,0x000000016d70b000) (2060K)]
  0x0000000122986800 ConcurrentGCThread "G1 Refine#0"               [id=13571, stack(0x000000016d714000,0x000000016d917000) (2060K)]
  0x0000000103f107b0 ConcurrentGCThread "G1 Service"                [id=16643, stack(0x000000016d920000,0x000000016db23000) (2060K)]
Total: 7

Threads with active compile tasks:
Total: 0

VM state: not at safepoint (normal execution)

VM Mutex/Monitor currently owned by a thread: None

Heap address: 0x0000000780000000, size: 2048 MB, Compressed Oops mode: Zero based, Oop shift amount: 3

CDS archive(s) mapped at: [0x0000008000000000-0x0000008000ca8000-0x0000008000ca8000), size 13271040, SharedBaseAddress: 0x0000008000000000, ArchiveRelocationMode: 1.
Compressed class space mapped at: 0x0000008001000000-0x0000008041000000, reserved size: 1073741824
Narrow klass base: 0x0000008000000000, Narrow klass shift: 0, Narrow klass range: 0x100000000

GC Precious Log:
 CardTable entry size: 512
 Card Set container configuration: InlinePtr #cards 5 size 8 Array Of Cards #cards 12 size 40 Howl #buckets 4 coarsen threshold 1843 Howl Bitmap #cards 512 size 80 coarsen threshold 460 Card regions per heap region 1 cards per card region 2048
 CPUs: 8 total, 8 available
 Memory: 8192M
 Large Page Support: Disabled
 NUMA Support: Disabled
 Compressed Oops: Enabled (Zero based)
 Heap Region Size: 1M
 Heap Min Capacity: 8M
 Heap Initial Capacity: 128M
 Heap Max Capacity: 2G
 Pre-touch: Disabled
 Parallel Workers: 8
 Concurrent Workers: 2
 Concurrent Refinement Workers: 8
 Periodic GC: Disabled

Heap:
 garbage-first heap   total 133120K, used 4110K [0x0000000780000000, 0x0000000800000000)
  region size 1024K, 4 young (4096K), 0 survivors (0K)
 Metaspace       used 1977K, committed 2112K, reserved 1114112K
  class space    used 193K, committed 256K, reserved 1048576K

Heap Regions: E=young(eden), S=young(survivor), O=old, HS=humongous(starts), HC=humongous(continues), CS=collection set, F=free, TAMS=top-at-mark-start, PB=parsable bottom
|   0|0x0000000780000000, 0x0000000780000000, 0x0000000780100000|  0%| F|  |TAMS 0x0000000780000000| PB 0x0000000780000000| Untracked 
|   1|0x0000000780100000, 0x0000000780100000, 0x0000000780200000|  0%| F|  |TAMS 0x0000000780100000| PB 0x0000000780100000| Untracked 
|   2|0x0000000780200000, 0x0000000780200000, 0x0000000780300000|  0%| F|  |TAMS 0x0000000780200000| PB 0x0000000780200000| Untracked 
|   3|0x0000000780300000, 0x0000000780300000, 0x0000000780400000|  0%| F|  |TAMS 0x0000000780300000| PB 0x0000000780300000| Untracked 
|   4|0x0000000780400000, 0x0000000780400000, 0x0000000780500000|  0%| F|  |TAMS 0x0000000780400000| PB 0x0000000780400000| Untracked 
|   5|0x0000000780500000, 0x0000000780500000, 0x0000000780600000|  0%| F|  |TAMS 0x0000000780500000| PB 0x0000000780500000| Untracked 
|   6|0x0000000780600000, 0x0000000780600000, 0x0000000780700000|  0%| F|  |TAMS 0x0000000780600000| PB 0x0000000780600000| Untracked 
|   7|0x0000000780700000, 0x0000000780700000, 0x0000000780800000|  0%| F|  |TAMS 0x0000000780700000| PB 0x0000000780700000| Untracked 
|   8|0x0000000780800000, 0x0000000780800000, 0x0000000780900000|  0%| F|  |TAMS 0x0000000780800000| PB 0x0000000780800000| Untracked 
|   9|0x0000000780900000, 0x0000000780900000, 0x0000000780a00000|  0%| F|  |TAMS 0x0000000780900000| PB 0x0000000780900000| Untracked 
|  10|0x0000000780a00000, 0x0000000780a00000, 0x0000000780b00000|  0%| F|  |TAMS 0x0000000780a00000| PB 0x0000000780a00000| Untracked 
|  11|0x0000000780b00000, 0x0000000780b00000, 0x0000000780c00000|  0%| F|  |TAMS 0x0000000780b00000| PB 0x0000000780b00000| Untracked 
|  12|0x0000000780c00000, 0x0000000780c00000, 0x0000000780d00000|  0%| F|  |TAMS 0x0000000780c00000| PB 0x0000000780c00000| Untracked 
|  13|0x0000000780d00000, 0x0000000780d00000, 0x0000000780e00000|  0%| F|  |TAMS 0x0000000780d00000| PB 0x0000000780d00000| Untracked 
|  14|0x0000000780e00000, 0x0000000780e00000, 0x0000000780f00000|  0%| F|  |TAMS 0x0000000780e00000| PB 0x0000000780e00000| Untracked 
|  15|0x0000000780f00000, 0x0000000780f00000, 0x0000000781000000|  0%| F|  |TAMS 0x0000000780f00000| PB 0x0000000780f00000| Untracked 
|  16|0x0000000781000000, 0x0000000781000000, 0x0000000781100000|  0%| F|  |TAMS 0x0000000781000000| PB 0x0000000781000000| Untracked 
|  17|0x0000000781100000, 0x0000000781100000, 0x0000000781200000|  0%| F|  |TAMS 0x0000000781100000| PB 0x0000000781100000| Untracked 
|  18|0x0000000781200000, 0x0000000781200000, 0x0000000781300000|  0%| F|  |TAMS 0x0000000781200000| PB 0x0000000781200000| Untracked 
|  19|0x0000000781300000, 0x0000000781300000, 0x0000000781400000|  0%| F|  |TAMS 0x0000000781300000| PB 0x0000000781300000| Untracked 
|  20|0x0000000781400000, 0x0000000781400000, 0x0000000781500000|  0%| F|  |TAMS 0x0000000781400000| PB 0x0000000781400000| Untracked 
|  21|0x0000000781500000, 0x0000000781500000, 0x0000000781600000|  0%| F|  |TAMS 0x0000000781500000| PB 0x0000000781500000| Untracked 
|  22|0x0000000781600000, 0x0000000781600000, 0x0000000781700000|  0%| F|  |TAMS 0x0000000781600000| PB 0x0000000781600000| Untracked 
|  23|0x0000000781700000, 0x0000000781700000, 0x0000000781800000|  0%| F|  |TAMS 0x0000000781700000| PB 0x0000000781700000| Untracked 
|  24|0x0000000781800000, 0x0000000781800000, 0x0000000781900000|  0%| F|  |TAMS 0x0000000781800000| PB 0x0000000781800000| Untracked 
|  25|0x0000000781900000, 0x0000000781900000, 0x0000000781a00000|  0%| F|  |TAMS 0x0000000781900000| PB 0x0000000781900000| Untracked 
|  26|0x0000000781a00000, 0x0000000781a00000, 0x0000000781b00000|  0%| F|  |TAMS 0x0000000781a00000| PB 0x0000000781a00000| Untracked 
|  27|0x0000000781b00000, 0x0000000781b00000, 0x0000000781c00000|  0%| F|  |TAMS 0x0000000781b00000| PB 0x0000000781b00000| Untracked 
|  28|0x0000000781c00000, 0x0000000781c00000, 0x0000000781d00000|  0%| F|  |TAMS 0x0000000781c00000| PB 0x0000000781c00000| Untracked 
|  29|0x0000000781d00000, 0x0000000781d00000, 0x0000000781e00000|  0%| F|  |TAMS 0x0000000781d00000| PB 0x0000000781d00000| Untracked 
|  30|0x0000000781e00000, 0x0000000781e00000, 0x0000000781f00000|  0%| F|  |TAMS 0x0000000781e00000| PB 0x0000000781e00000| Untracked 
|  31|0x0000000781f00000, 0x0000000781f00000, 0x0000000782000000|  0%| F|  |TAMS 0x0000000781f00000| PB 0x0000000781f00000| Untracked 
|  32|0x0000000782000000, 0x0000000782000000, 0x0000000782100000|  0%| F|  |TAMS 0x0000000782000000| PB 0x0000000782000000| Untracked 
|  33|0x0000000782100000, 0x0000000782100000, 0x0000000782200000|  0%| F|  |TAMS 0x0000000782100000| PB 0x0000000782100000| Untracked 
|  34|0x0000000782200000, 0x0000000782200000, 0x0000000782300000|  0%| F|  |TAMS 0x0000000782200000| PB 0x0000000782200000| Untracked 
|  35|0x0000000782300000, 0x0000000782300000, 0x0000000782400000|  0%| F|  |TAMS 0x0000000782300000| PB 0x0000000782300000| Untracked 
|  36|0x0000000782400000, 0x0000000782400000, 0x0000000782500000|  0%| F|  |TAMS 0x0000000782400000| PB 0x0000000782400000| Untracked 
|  37|0x0000000782500000, 0x0000000782500000, 0x0000000782600000|  0%| F|  |TAMS 0x0000000782500000| PB 0x0000000782500000| Untracked 
|  38|0x0000000782600000, 0x0000000782600000, 0x0000000782700000|  0%| F|  |TAMS 0x0000000782600000| PB 0x0000000782600000| Untracked 
|  39|0x0000000782700000, 0x0000000782700000, 0x0000000782800000|  0%| F|  |TAMS 0x0000000782700000| PB 0x0000000782700000| Untracked 
|  40|0x0000000782800000, 0x0000000782800000, 0x0000000782900000|  0%| F|  |TAMS 0x0000000782800000| PB 0x0000000782800000| Untracked 
|  41|0x0000000782900000, 0x0000000782900000, 0x0000000782a00000|  0%| F|  |TAMS 0x0000000782900000| PB 0x0000000782900000| Untracked 
|  42|0x0000000782a00000, 0x0000000782a00000, 0x0000000782b00000|  0%| F|  |TAMS 0x0000000782a00000| PB 0x0000000782a00000| Untracked 
|  43|0x0000000782b00000, 0x0000000782b00000, 0x0000000782c00000|  0%| F|  |TAMS 0x0000000782b00000| PB 0x0000000782b00000| Untracked 
|  44|0x0000000782c00000, 0x0000000782c00000, 0x0000000782d00000|  0%| F|  |TAMS 0x0000000782c00000| PB 0x0000000782c00000| Untracked 
|  45|0x0000000782d00000, 0x0000000782d00000, 0x0000000782e00000|  0%| F|  |TAMS 0x0000000782d00000| PB 0x0000000782d00000| Untracked 
|  46|0x0000000782e00000, 0x0000000782e00000, 0x0000000782f00000|  0%| F|  |TAMS 0x0000000782e00000| PB 0x0000000782e00000| Untracked 
|  47|0x0000000782f00000, 0x0000000782f00000, 0x0000000783000000|  0%| F|  |TAMS 0x0000000782f00000| PB 0x0000000782f00000| Untracked 
|  48|0x0000000783000000, 0x0000000783000000, 0x0000000783100000|  0%| F|  |TAMS 0x0000000783000000| PB 0x0000000783000000| Untracked 
|  49|0x0000000783100000, 0x0000000783100000, 0x0000000783200000|  0%| F|  |TAMS 0x0000000783100000| PB 0x0000000783100000| Untracked 
|  50|0x0000000783200000, 0x0000000783200000, 0x0000000783300000|  0%| F|  |TAMS 0x0000000783200000| PB 0x0000000783200000| Untracked 
|  51|0x0000000783300000, 0x0000000783300000, 0x0000000783400000|  0%| F|  |TAMS 0x0000000783300000| PB 0x0000000783300000| Untracked 
|  52|0x0000000783400000, 0x0000000783400000, 0x0000000783500000|  0%| F|  |TAMS 0x0000000783400000| PB 0x0000000783400000| Untracked 
|  53|0x0000000783500000, 0x0000000783500000, 0x0000000783600000|  0%| F|  |TAMS 0x0000000783500000| PB 0x0000000783500000| Untracked 
|  54|0x0000000783600000, 0x0000000783600000, 0x0000000783700000|  0%| F|  |TAMS 0x0000000783600000| PB 0x0000000783600000| Untracked 
|  55|0x0000000783700000, 0x0000000783700000, 0x0000000783800000|  0%| F|  |TAMS 0x0000000783700000| PB 0x0000000783700000| Untracked 
|  56|0x0000000783800000, 0x0000000783800000, 0x0000000783900000|  0%| F|  |TAMS 0x0000000783800000| PB 0x0000000783800000| Untracked 
|  57|0x0000000783900000, 0x0000000783900000, 0x0000000783a00000|  0%| F|  |TAMS 0x0000000783900000| PB 0x0000000783900000| Untracked 
|  58|0x0000000783a00000, 0x0000000783a00000, 0x0000000783b00000|  0%| F|  |TAMS 0x0000000783a00000| PB 0x0000000783a00000| Untracked 
|  59|0x0000000783b00000, 0x0000000783b00000, 0x0000000783c00000|  0%| F|  |TAMS 0x0000000783b00000| PB 0x0000000783b00000| Untracked 
|  60|0x0000000783c00000, 0x0000000783c00000, 0x0000000783d00000|  0%| F|  |TAMS 0x0000000783c00000| PB 0x0000000783c00000| Untracked 
|  61|0x0000000783d00000, 0x0000000783d00000, 0x0000000783e00000|  0%| F|  |TAMS 0x0000000783d00000| PB 0x0000000783d00000| Untracked 
|  62|0x0000000783e00000, 0x0000000783e00000, 0x0000000783f00000|  0%| F|  |TAMS 0x0000000783e00000| PB 0x0000000783e00000| Untracked 
|  63|0x0000000783f00000, 0x0000000783f00000, 0x0000000784000000|  0%| F|  |TAMS 0x0000000783f00000| PB 0x0000000783f00000| Untracked 
|  64|0x0000000784000000, 0x0000000784000000, 0x0000000784100000|  0%| F|  |TAMS 0x0000000784000000| PB 0x0000000784000000| Untracked 
|  65|0x0000000784100000, 0x0000000784100000, 0x0000000784200000|  0%| F|  |TAMS 0x0000000784100000| PB 0x0000000784100000| Untracked 
|  66|0x0000000784200000, 0x0000000784200000, 0x0000000784300000|  0%| F|  |TAMS 0x0000000784200000| PB 0x0000000784200000| Untracked 
|  67|0x0000000784300000, 0x0000000784300000, 0x0000000784400000|  0%| F|  |TAMS 0x0000000784300000| PB 0x0000000784300000| Untracked 
|  68|0x0000000784400000, 0x0000000784400000, 0x0000000784500000|  0%| F|  |TAMS 0x0000000784400000| PB 0x0000000784400000| Untracked 
|  69|0x0000000784500000, 0x0000000784500000, 0x0000000784600000|  0%| F|  |TAMS 0x0000000784500000| PB 0x0000000784500000| Untracked 
|  70|0x0000000784600000, 0x0000000784600000, 0x0000000784700000|  0%| F|  |TAMS 0x0000000784600000| PB 0x0000000784600000| Untracked 
|  71|0x0000000784700000, 0x0000000784700000, 0x0000000784800000|  0%| F|  |TAMS 0x0000000784700000| PB 0x0000000784700000| Untracked 
|  72|0x0000000784800000, 0x0000000784800000, 0x0000000784900000|  0%| F|  |TAMS 0x0000000784800000| PB 0x0000000784800000| Untracked 
|  73|0x0000000784900000, 0x0000000784900000, 0x0000000784a00000|  0%| F|  |TAMS 0x0000000784900000| PB 0x0000000784900000| Untracked 
|  74|0x0000000784a00000, 0x0000000784a00000, 0x0000000784b00000|  0%| F|  |TAMS 0x0000000784a00000| PB 0x0000000784a00000| Untracked 
|  75|0x0000000784b00000, 0x0000000784b00000, 0x0000000784c00000|  0%| F|  |TAMS 0x0000000784b00000| PB 0x0000000784b00000| Untracked 
|  76|0x0000000784c00000, 0x0000000784c00000, 0x0000000784d00000|  0%| F|  |TAMS 0x0000000784c00000| PB 0x0000000784c00000| Untracked 
|  77|0x0000000784d00000, 0x0000000784d00000, 0x0000000784e00000|  0%| F|  |TAMS 0x0000000784d00000| PB 0x0000000784d00000| Untracked 
|  78|0x0000000784e00000, 0x0000000784e00000, 0x0000000784f00000|  0%| F|  |TAMS 0x0000000784e00000| PB 0x0000000784e00000| Untracked 
|  79|0x0000000784f00000, 0x0000000784f00000, 0x0000000785000000|  0%| F|  |TAMS 0x0000000784f00000| PB 0x0000000784f00000| Untracked 
|  80|0x0000000785000000, 0x0000000785000000, 0x0000000785100000|  0%| F|  |TAMS 0x0000000785000000| PB 0x0000000785000000| Untracked 
|  81|0x0000000785100000, 0x0000000785100000, 0x0000000785200000|  0%| F|  |TAMS 0x0000000785100000| PB 0x0000000785100000| Untracked 
|  82|0x0000000785200000, 0x0000000785200000, 0x0000000785300000|  0%| F|  |TAMS 0x0000000785200000| PB 0x0000000785200000| Untracked 
|  83|0x0000000785300000, 0x0000000785300000, 0x0000000785400000|  0%| F|  |TAMS 0x0000000785300000| PB 0x0000000785300000| Untracked 
|  84|0x0000000785400000, 0x0000000785400000, 0x0000000785500000|  0%| F|  |TAMS 0x0000000785400000| PB 0x0000000785400000| Untracked 
|  85|0x0000000785500000, 0x0000000785500000, 0x0000000785600000|  0%| F|  |TAMS 0x0000000785500000| PB 0x0000000785500000| Untracked 
|  86|0x0000000785600000, 0x0000000785600000, 0x0000000785700000|  0%| F|  |TAMS 0x0000000785600000| PB 0x0000000785600000| Untracked 
|  87|0x0000000785700000, 0x0000000785700000, 0x0000000785800000|  0%| F|  |TAMS 0x0000000785700000| PB 0x0000000785700000| Untracked 
|  88|0x0000000785800000, 0x0000000785800000, 0x0000000785900000|  0%| F|  |TAMS 0x0000000785800000| PB 0x0000000785800000| Untracked 
|  89|0x0000000785900000, 0x0000000785900000, 0x0000000785a00000|  0%| F|  |TAMS 0x0000000785900000| PB 0x0000000785900000| Untracked 
|  90|0x0000000785a00000, 0x0000000785a00000, 0x0000000785b00000|  0%| F|  |TAMS 0x0000000785a00000| PB 0x0000000785a00000| Untracked 
|  91|0x0000000785b00000, 0x0000000785b00000, 0x0000000785c00000|  0%| F|  |TAMS 0x0000000785b00000| PB 0x0000000785b00000| Untracked 
|  92|0x0000000785c00000, 0x0000000785c00000, 0x0000000785d00000|  0%| F|  |TAMS 0x0000000785c00000| PB 0x0000000785c00000| Untracked 
|  93|0x0000000785d00000, 0x0000000785d00000, 0x0000000785e00000|  0%| F|  |TAMS 0x0000000785d00000| PB 0x0000000785d00000| Untracked 
|  94|0x0000000785e00000, 0x0000000785e00000, 0x0000000785f00000|  0%| F|  |TAMS 0x0000000785e00000| PB 0x0000000785e00000| Untracked 
|  95|0x0000000785f00000, 0x0000000785f00000, 0x0000000786000000|  0%| F|  |TAMS 0x0000000785f00000| PB 0x0000000785f00000| Untracked 
|  96|0x0000000786000000, 0x0000000786000000, 0x0000000786100000|  0%| F|  |TAMS 0x0000000786000000| PB 0x0000000786000000| Untracked 
|  97|0x0000000786100000, 0x0000000786100000, 0x0000000786200000|  0%| F|  |TAMS 0x0000000786100000| PB 0x0000000786100000| Untracked 
|  98|0x0000000786200000, 0x0000000786200000, 0x0000000786300000|  0%| F|  |TAMS 0x0000000786200000| PB 0x0000000786200000| Untracked 
|  99|0x0000000786300000, 0x0000000786300000, 0x0000000786400000|  0%| F|  |TAMS 0x0000000786300000| PB 0x0000000786300000| Untracked 
| 100|0x0000000786400000, 0x0000000786400000, 0x0000000786500000|  0%| F|  |TAMS 0x0000000786400000| PB 0x0000000786400000| Untracked 
| 101|0x0000000786500000, 0x0000000786500000, 0x0000000786600000|  0%| F|  |TAMS 0x0000000786500000| PB 0x0000000786500000| Untracked 
| 102|0x0000000786600000, 0x0000000786600000, 0x0000000786700000|  0%| F|  |TAMS 0x0000000786600000| PB 0x0000000786600000| Untracked 
| 103|0x0000000786700000, 0x0000000786700000, 0x0000000786800000|  0%| F|  |TAMS 0x0000000786700000| PB 0x0000000786700000| Untracked 
| 104|0x0000000786800000, 0x0000000786800000, 0x0000000786900000|  0%| F|  |TAMS 0x0000000786800000| PB 0x0000000786800000| Untracked 
| 105|0x0000000786900000, 0x0000000786900000, 0x0000000786a00000|  0%| F|  |TAMS 0x0000000786900000| PB 0x0000000786900000| Untracked 
| 106|0x0000000786a00000, 0x0000000786a00000, 0x0000000786b00000|  0%| F|  |TAMS 0x0000000786a00000| PB 0x0000000786a00000| Untracked 
| 107|0x0000000786b00000, 0x0000000786b00000, 0x0000000786c00000|  0%| F|  |TAMS 0x0000000786b00000| PB 0x0000000786b00000| Untracked 
| 108|0x0000000786c00000, 0x0000000786c00000, 0x0000000786d00000|  0%| F|  |TAMS 0x0000000786c00000| PB 0x0000000786c00000| Untracked 
| 109|0x0000000786d00000, 0x0000000786d00000, 0x0000000786e00000|  0%| F|  |TAMS 0x0000000786d00000| PB 0x0000000786d00000| Untracked 
| 110|0x0000000786e00000, 0x0000000786e00000, 0x0000000786f00000|  0%| F|  |TAMS 0x0000000786e00000| PB 0x0000000786e00000| Untracked 
| 111|0x0000000786f00000, 0x0000000786f00000, 0x0000000787000000|  0%| F|  |TAMS 0x0000000786f00000| PB 0x0000000786f00000| Untracked 
| 112|0x0000000787000000, 0x0000000787000000, 0x0000000787100000|  0%| F|  |TAMS 0x0000000787000000| PB 0x0000000787000000| Untracked 
| 113|0x0000000787100000, 0x0000000787100000, 0x0000000787200000|  0%| F|  |TAMS 0x0000000787100000| PB 0x0000000787100000| Untracked 
| 114|0x0000000787200000, 0x0000000787200000, 0x0000000787300000|  0%| F|  |TAMS 0x0000000787200000| PB 0x0000000787200000| Untracked 
| 115|0x0000000787300000, 0x0000000787300000, 0x0000000787400000|  0%| F|  |TAMS 0x0000000787300000| PB 0x0000000787300000| Untracked 
| 116|0x0000000787400000, 0x0000000787400000, 0x0000000787500000|  0%| F|  |TAMS 0x0000000787400000| PB 0x0000000787400000| Untracked 
| 117|0x0000000787500000, 0x0000000787500000, 0x0000000787600000|  0%| F|  |TAMS 0x0000000787500000| PB 0x0000000787500000| Untracked 
| 118|0x0000000787600000, 0x0000000787600000, 0x0000000787700000|  0%| F|  |TAMS 0x0000000787600000| PB 0x0000000787600000| Untracked 
| 119|0x0000000787700000, 0x0000000787700000, 0x0000000787800000|  0%| F|  |TAMS 0x0000000787700000| PB 0x0000000787700000| Untracked 
| 120|0x0000000787800000, 0x0000000787800000, 0x0000000787900000|  0%| F|  |TAMS 0x0000000787800000| PB 0x0000000787800000| Untracked 
| 121|0x0000000787900000, 0x0000000787900000, 0x0000000787a00000|  0%| F|  |TAMS 0x0000000787900000| PB 0x0000000787900000| Untracked 
| 122|0x0000000787a00000, 0x0000000787a00000, 0x0000000787b00000|  0%| F|  |TAMS 0x0000000787a00000| PB 0x0000000787a00000| Untracked 
| 123|0x0000000787b00000, 0x0000000787b00000, 0x0000000787c00000|  0%| F|  |TAMS 0x0000000787b00000| PB 0x0000000787b00000| Untracked 
| 124|0x0000000787c00000, 0x0000000787d00000, 0x0000000787d00000|100%| E|  |TAMS 0x0000000787c00000| PB 0x0000000787c00000| Complete 
| 125|0x0000000787d00000, 0x0000000787e00000, 0x0000000787e00000|100%| E|CS|TAMS 0x0000000787d00000| PB 0x0000000787d00000| Complete 
| 126|0x0000000787e00000, 0x0000000787f00000, 0x0000000787f00000|100%| E|CS|TAMS 0x0000000787e00000| PB 0x0000000787e00000| Complete 
| 127|0x0000000787f00000, 0x0000000788000000, 0x0000000788000000|100%| E|CS|TAMS 0x0000000787f00000| PB 0x0000000787f00000| Complete 
|2046|0x00000007ffe00000, 0x00000007fff00000, 0x00000007fff00000|100%| O|  |TAMS 0x00000007ffe00000| PB 0x00000007ffe00000| Untracked 
|2047|0x00000007fff00000, 0x00000007fff03870, 0x0000000800000000|  1%| O|  |TAMS 0x00000007fff00000| PB 0x00000007fff00000| Untracked 

Card table byte_map: [0x000000010f800000,0x000000010fc00000] _byte_map_base: 0x000000010bc00000

Marking Bits: (CMBitMap*) 0x0000000122953a10
 Bits: [0x000000010fc00000, 0x0000000111c00000)

Polling page: 0x0000000103038000

Metaspace:

Usage:
  Non-class:      1.74 MB used.
      Class:    193.20 KB used.
       Both:      1.93 MB used.

Virtual space:
  Non-class space:       64.00 MB reserved,       1.81 MB (  3%) committed,  1 nodes.
      Class space:        1.00 GB reserved,     256.00 KB ( <1%) committed,  1 nodes.
             Both:        1.06 GB reserved,       2.06 MB ( <1%) committed. 

Chunk freelists:
   Non-Class:  11.98 MB
       Class:  15.74 MB
        Both:  27.72 MB

MaxMetaspaceSize: unlimited
CompressedClassSpaceSize: 1.00 GB
Initial GC threshold: 21.00 MB
Current GC threshold: 21.00 MB
CDS: on
 - commit_granule_bytes: 65536.
 - commit_granule_words: 8192.
 - virtual_space_node_default_size: 8388608.
 - enlarge_chunks_in_place: 1.
 - use_allocation_guard: 0.


Internal statistics:

num_allocs_failed_limit: 0.
num_arena_births: 20.
num_arena_deaths: 0.
num_vsnodes_births: 2.
num_vsnodes_deaths: 0.
num_space_committed: 33.
num_space_uncommitted: 0.
num_chunks_returned_to_freelist: 0.
num_chunks_taken_from_freelist: 21.
num_chunk_merges: 0.
num_chunk_splits: 15.
num_chunks_enlarged: 9.
num_inconsistent_stats: 0.

CodeCache: size=49152Kb used=1699Kb max_used=1699Kb free=47452Kb
 bounds [0x0000000112700000, 0x0000000112970000, 0x0000000115700000]
 total_blobs=730 nmethods=323 adapters=336
 compilation: enabled
              stopped_count=0, restarted_count=0
 full_count=0

Compilation events (20 events):
Event: 2.274 Thread 0x0000000134838200 nmethod 313 0x00000001128a0390 code [0x00000001128a0540, 0x00000001128a06d0]
Event: 2.274 Thread 0x0000000134838200  315       1       com.intellij.rt.debugger.agent.OverheadDetector$CoarseTimer::access$102 (7 bytes)
Event: 2.274 Thread 0x0000000134838200 nmethod 315 0x00000001128a0890 code [0x00000001128a0a00, 0x00000001128a0aa8]
Event: 2.274 Thread 0x0000000134838200  314       1       sun.instrument.TransformerManager::getSnapshotTransformerList (5 bytes)
Event: 2.274 Thread 0x0000000134838200 nmethod 314 0x00000001128a0b90 code [0x00000001128a0d00, 0x00000001128a0da8]
Event: 2.279 Thread 0x0000000134838200  317   !   1       jdk.internal.misc.Blocker::begin (97 bytes)
Event: 2.279 Thread 0x0000000134838200 nmethod 317 0x00000001128a1210 code [0x00000001128a1400, 0x00000001128a16b8]
Event: 2.279 Thread 0x0000000134838200  316       1       jdk.internal.misc.Blocker::end (71 bytes)
Event: 2.280 Thread 0x0000000134838200 nmethod 316 0x00000001128a1a10 code [0x00000001128a1bc0, 0x00000001128a1d50]
Event: 2.280 Thread 0x0000000134838200  318   !   1       java.util.zip.ZipFile$Source::readFullyAt (74 bytes)
Event: 2.280 Thread 0x0000000134838200 nmethod 318 0x00000001128a2710 code [0x00000001128a28c0, 0x00000001128a2bd0]
Event: 2.280 Thread 0x0000000134838200  319   !   1       java.io.RandomAccessFile::seek (42 bytes)
Event: 2.280 Thread 0x0000000134838200 nmethod 319 0x00000001128a2f90 code [0x00000001128a3180, 0x00000001128a3398]
Event: 2.280 Thread 0x0000000134838200  321       1       java.io.RandomAccessFile::readFully (45 bytes)
Event: 2.280 Thread 0x0000000134838200 nmethod 321 0x00000001128a3690 code [0x00000001128a3840, 0x00000001128a3a18]
Event: 2.280 Thread 0x0000000134838200  322       1       java.io.RandomAccessFile::read (8 bytes)
Event: 2.281 Thread 0x0000000134838200 nmethod 322 0x00000001128a3c90 code [0x00000001128a3e40, 0x00000001128a4000]
Event: 2.281 Thread 0x0000000134838200  323   !   1       java.io.RandomAccessFile::readBytes (32 bytes)
Event: 2.281 Thread 0x0000000134838200 nmethod 323 0x00000001128a4290 code [0x00000001128a4440, 0x00000001128a4600]
Event: 2.281 Thread 0x0000000134838200  325 % !   1       java.util.zip.ZipFile$Source::findEND @ 152 (669 bytes)

GC Heap History (0 events):
No events

Dll operation events (7 events):
Event: 1.976 Loaded shared library /Library/Java/JavaVirtualMachines/jdk-21.jdk/Contents/Home/lib/libjava.dylib
Event: 1.978 Loaded shared library /Library/Java/JavaVirtualMachines/jdk-21.jdk/Contents/Home/lib/libzip.dylib
Event: 2.190 Loaded shared library /Library/Java/JavaVirtualMachines/jdk-21.jdk/Contents/Home/lib/libinstrument.dylib
Event: 2.197 Loaded shared library /Library/Java/JavaVirtualMachines/jdk-21.jdk/Contents/Home/lib/libnio.dylib
Event: 2.200 Loaded shared library /Library/Java/JavaVirtualMachines/jdk-21.jdk/Contents/Home/lib/libnet.dylib
Event: 2.204 Loaded shared library /Library/Java/JavaVirtualMachines/jdk-21.jdk/Contents/Home/lib/libzip.dylib
Event: 2.267 Loaded shared library /Library/Java/JavaVirtualMachines/jdk-21.jdk/Contents/Home/lib/libjimage.dylib

Deoptimization events (2 events):
Event: 2.183 Thread 0x00000001330bce00 DEOPT PACKING pc=0x000000011281f6f8 sp=0x000000016d0e63a0
Event: 2.183 Thread 0x00000001330bce00 DEOPT UNPACKING pc=0x0000000112742e7c sp=0x000000016d0e6050 mode 3

Classes loaded (20 events):
Event: 2.274 Loading class jdk/internal/loader/URLClassPath$JarLoader$1 done
Event: 2.276 Loading class java/nio/file/attribute/FileAttributeView
Event: 2.276 Loading class java/nio/file/attribute/FileAttributeView done
Event: 2.276 Loading class java/nio/file/attribute/BasicFileAttributeView
Event: 2.276 Loading class java/nio/file/attribute/BasicFileAttributeView done
Event: 2.277 Loading class sun/nio/fs/AbstractBasicFileAttributeView
Event: 2.277 Loading class sun/nio/fs/AbstractBasicFileAttributeView done
Event: 2.277 Loading class sun/nio/fs/UnixFileAttributeViews$Basic
Event: 2.277 Loading class sun/nio/fs/UnixFileAttributeViews$Basic done
Event: 2.277 Loading class sun/nio/fs/BsdFileAttributeViews$Basic
Event: 2.277 Loading class sun/nio/fs/BsdFileAttributeViews$Basic done
Event: 2.278 Loading class java/io/RandomAccessFile
Event: 2.278 Loading class java/io/RandomAccessFile done
Event: 2.279 Loading class java/io/RandomAccessFile$2
Event: 2.279 Loading class java/io/RandomAccessFile$2 done
Event: 2.281 Loading class java/util/zip/ZipException
Event: 2.281 Loading class java/io/IOException
Event: 2.281 Loading class java/io/IOException done
Event: 2.281 Loading class java/util/zip/ZipException done
Event: 2.281 Loading class com/intellij/rt/debugger/agent/CaptureStorage$5

Classes unloaded (0 events):
No events

Classes redefined (2 events):
Event: 2.218 Thread 0x00000001340c82e0 redefined class name=java.lang.Throwable, count=1
Event: 2.242 Thread 0x00000001340c82e0 redefined class name=java.io.FileOutputStream, count=1

Internal exceptions (2 events):
Event: 2.192 Thread 0x00000001330bce00 Exception <a 'java/lang/NoSuchMethodError'{0x0000000787ef2948}: 'void java.lang.invoke.DirectMethodHandle$Holder.invokeStatic(java.lang.Object, java.lang.Object, java.lang.Object)'> (0x0000000787ef2948) 
thrown [open/src/hotspot/share/interpreter/linkResolver.cpp, line 773]
Event: 2.195 Thread 0x00000001330bce00 Exception <a 'java/lang/NoSuchMethodError'{0x0000000787d09e38}: 'java.lang.Object java.lang.invoke.Invokers$Holder.invokeExact_MT(java.lang.Object, java.lang.Object, java.lang.Object, java.lang.Object, java.lang.Object)'> (0x0000000787d09e38) 
thrown [open/src/hotspot/share/interpreter/linkResolver.cpp, line 773]

ZGC Phase Switch (0 events):
No events

VM Operations (20 events):
Event: 2.217 Executing VM operation: RedefineClasses
Event: 2.218 Executing VM operation: RedefineClasses done
Event: 2.226 Executing VM operation: get/set locals
Event: 2.226 Executing VM operation: get/set locals done
Event: 2.237 Executing VM operation: ChangeBreakpoints
Event: 2.237 Executing VM operation: ChangeBreakpoints done
Event: 2.241 Executing VM operation: RedefineClasses
Event: 2.242 Executing VM operation: RedefineClasses done
Event: 2.243 Executing VM operation: get/set locals
Event: 2.243 Executing VM operation: get/set locals done
Event: 2.247 Executing VM operation: ChangeBreakpoints
Event: 2.247 Executing VM operation: ChangeBreakpoints done
Event: 2.248 Executing VM operation: ChangeBreakpoints
Event: 2.248 Executing VM operation: ChangeBreakpoints done
Event: 2.248 Executing VM operation: ChangeBreakpoints
Event: 2.248 Executing VM operation: ChangeBreakpoints done
Event: 2.249 Executing VM operation: ChangeBreakpoints
Event: 2.249 Executing VM operation: ChangeBreakpoints done
Event: 2.249 Executing VM operation: ChangeBreakpoints
Event: 2.249 Executing VM operation: ChangeBreakpoints done

Events (20 events):
Event: 2.004 Thread 0x000000013317fe00 Thread added: 0x000000013317fe00
Event: 2.004 Protecting memory [0x000000016e680000,0x000000016e68c000] with protection modes 0
Event: 2.004 Thread 0x000000010f019c00 Thread added: 0x000000010f019c00
Event: 2.004 Protecting memory [0x000000016e88c000,0x000000016e898000] with protection modes 0
Event: 2.005 Thread 0x0000000134838200 Thread added: 0x0000000134838200
Event: 2.005 Protecting memory [0x000000016ea98000,0x000000016eaa4000] with protection modes 0
Event: 2.020 Thread 0x0000000133977800 Thread added: 0x0000000133977800
Event: 2.020 Protecting memory [0x000000016eca4000,0x000000016ecb0000] with protection modes 0
Event: 2.041 Thread 0x000000013317d400 Thread added: 0x000000013317d400
Event: 2.041 Protecting memory [0x000000016eeb0000,0x000000016eebc000] with protection modes 0
Event: 2.041 Thread 0x0000000122937000 Thread added: 0x0000000122937000
Event: 2.041 Protecting memory [0x000000016f0bc000,0x000000016f0c8000] with protection modes 0
Event: 2.042 Thread 0x0000000122937800 Thread added: 0x0000000122937800
Event: 2.042 Protecting memory [0x000000016f2c8000,0x000000016f2d4000] with protection modes 0
Event: 2.229 Thread 0x000000013319aa00 Thread added: 0x000000013319aa00
Event: 2.230 Protecting memory [0x000000016f4d4000,0x000000016f4e0000] with protection modes 0
Event: 2.231 Thread 0x0000000122989200 Thread added: 0x0000000122989200
Event: 2.231 Protecting memory [0x000000016f6e0000,0x000000016f6ec000] with protection modes 0
Event: 2.254 Thread 0x00000001331a7c00 Thread added: 0x00000001331a7c00
Event: 2.254 Protecting memory [0x000000016f8ec000,0x000000016f8f8000] with protection modes 0


Dynamic libraries:
0x0000000102fe4000 	/Library/Java/JavaVirtualMachines/jdk-21.jdk/Contents/Home/lib/libjli.dylib
0x00000001a9abb000 	/System/Library/Frameworks/Cocoa.framework/Versions/A/Cocoa
0x000000018ee48000 	/System/Library/Frameworks/AppKit.framework/Versions/C/AppKit
0x00000001924bc000 	/System/Library/Frameworks/CoreData.framework/Versions/A/CoreData
0x000000018c242000 	/System/Library/Frameworks/Foundation.framework/Versions/C/Foundation
0x000000019a47f000 	/usr/lib/libSystem.B.dylib
0x0000000190575000 	/System/Library/PrivateFrameworks/UIFoundation.framework/Versions/A/UIFoundation
0x000000024428d000 	/System/Library/PrivateFrameworks/CollectionViewCore.framework/Versions/A/CollectionViewCore
0x0000000197810000 	/System/Library/PrivateFrameworks/XCTTargetBootstrap.framework/Versions/A/XCTTargetBootstrap
0x000000019cee8000 	/System/Library/PrivateFrameworks/InternationalSupport.framework/Versions/A/InternationalSupport
0x000000019d242000 	/System/Library/PrivateFrameworks/UserActivity.framework/Versions/A/UserActivity
0x0000000192b4c000 	/System/Library/PrivateFrameworks/BaseBoard.framework/Versions/A/BaseBoard
0x000000024ca5a000 	/System/Library/PrivateFrameworks/FrontBoard.framework/Versions/A/FrontBoard
0x00000001a48fb000 	/System/Library/PrivateFrameworks/FrontBoardServices.framework/Versions/A/FrontBoardServices
0x00000002889f9000 	/usr/lib/libRosetta.dylib
0x000000027c2ae000 	/System/Library/PrivateFrameworks/UIIntelligenceSupport.framework/Versions/A/UIIntelligenceSupport
0x0000000239196000 	/System/Library/Frameworks/SwiftUICore.framework/Versions/A/SwiftUICore
0x0000000282862000 	/System/Library/PrivateFrameworks/WritingTools.framework/Versions/A/WritingTools
0x00000002816b3000 	/System/Library/PrivateFrameworks/WindowManagement.framework/Versions/A/WindowManagement
0x000000018bea1000 	/System/Library/Frameworks/SystemConfiguration.framework/Versions/A/SystemConfiguration
0x000000019c11a000 	/usr/lib/libspindump.dylib
0x0000000190730000 	/System/Library/Frameworks/UniformTypeIdentifiers.framework/Versions/A/UniformTypeIdentifiers
0x0000000199716000 	/usr/lib/libbsm.0.dylib
0x0000000194f1a000 	/usr/lib/libapp_launch_measurement.dylib
0x000000019420f000 	/System/Library/PrivateFrameworks/CoreAnalytics.framework/Versions/A/CoreAnalytics
0x0000000194f1e000 	/System/Library/PrivateFrameworks/CoreAutoLayout.framework/Versions/A/CoreAutoLayout
0x0000000196d5b000 	/System/Library/Frameworks/Metal.framework/Versions/A/Metal
0x0000000198163000 	/usr/lib/liblangid.dylib
0x0000000197816000 	/System/Library/PrivateFrameworks/CoreSVG.framework/Versions/A/CoreSVG
0x0000000191191000 	/System/Library/PrivateFrameworks/SkyLight.framework/Versions/A/SkyLight
0x000000024c793000 	/System/Library/PrivateFrameworks/FocusEngine.framework/Versions/A/FocusEngine
0x0000000191758000 	/System/Library/Frameworks/CoreGraphics.framework/Versions/A/CoreGraphics
0x000000024a38e000 	/System/Library/PrivateFrameworks/DesignLibrary.framework/Versions/A/DesignLibrary
0x00000001a2bc3000 	/System/Library/Frameworks/Accelerate.framework/Versions/A/Accelerate
0x000000019bf0f000 	/System/Library/PrivateFrameworks/IconServices.framework/Versions/A/IconServices
0x0000000196d33000 	/System/Library/Frameworks/IOSurface.framework/Versions/A/IOSurface
0x000000019423f000 	/usr/lib/libDiagnosticMessagesClient.dylib
0x000000019a3c8000 	/usr/lib/libz.1.dylib
0x00000001a6eeb000 	/System/Library/Frameworks/ApplicationServices.framework/Versions/A/ApplicationServices
0x00000001977fb000 	/System/Library/PrivateFrameworks/DFRFoundation.framework/Versions/A/DFRFoundation
0x000000018e697000 	/usr/lib/libicucore.A.dylib
0x000000019e47f000 	/System/Library/Frameworks/AudioToolbox.framework/Versions/A/AudioToolbox
0x000000019d1f0000 	/System/Library/PrivateFrameworks/DataDetectorsCore.framework/Versions/A/DataDetectorsCore
0x000000027cec1000 	/System/Library/PrivateFrameworks/UpdateCycle.framework/Versions/A/UpdateCycle
0x00000001bb0e6000 	/System/Library/PrivateFrameworks/TextInput.framework/Versions/A/TextInput
0x00000001910d3000 	/usr/lib/libMobileGestalt.dylib
0x00000001974f7000 	/System/Library/Frameworks/Carbon.framework/Versions/A/Frameworks/HIToolbox.framework/Versions/A/HIToolbox
0x0000000194774000 	/System/Library/Frameworks/QuartzCore.framework/Versions/A/QuartzCore
0x000000018e272000 	/System/Library/Frameworks/Security.framework/Versions/A/Security
0x00000001a2542000 	/System/Library/Frameworks/Carbon.framework/Versions/A/Frameworks/SpeechRecognition.framework/Versions/A/SpeechRecognition
0x0000000194be9000 	/System/Library/PrivateFrameworks/CoreUI.framework/Versions/A/CoreUI
0x000000018dac0000 	/System/Library/Frameworks/CoreAudio.framework/Versions/A/CoreAudio
0x0000000194333000 	/System/Library/Frameworks/DiskArbitration.framework/Versions/A/DiskArbitration
0x000000019c6c2000 	/System/Library/PrivateFrameworks/MultitouchSupport.framework/Versions/A/MultitouchSupport
0x00000001910d1000 	/usr/lib/libenergytrace.dylib
0x00000001ae5ca000 	/System/Library/PrivateFrameworks/RenderBox.framework/Versions/A/RenderBox
0x000000018ecef000 	/System/Library/Frameworks/IOKit.framework/Versions/A/IOKit
0x00000001a294c000 	/System/Library/Frameworks/CoreServices.framework/Versions/A/CoreServices
0x0000000194eab000 	/System/Library/PrivateFrameworks/PerformanceAnalysis.framework/Versions/A/PerformanceAnalysis
0x000000022eb80000 	/System/Library/Frameworks/OpenGL.framework/Versions/A/OpenGL
0x0000000194f68000 	/usr/lib/libxml2.2.dylib
0x00000001995f7000 	/System/Library/PrivateFrameworks/MobileKeyBag.framework/Versions/A/MobileKeyBag
0x000000018a558000 	/usr/lib/libobjc.A.dylib
0x000000018a8be000 	/usr/lib/libc++.1.dylib
0x00000001a28c9000 	/System/Library/Frameworks/Accessibility.framework/Versions/A/Accessibility
0x0000000191eb2000 	/System/Library/Frameworks/ColorSync.framework/Versions/A/ColorSync
0x000000018a9ef000 	/System/Library/Frameworks/CoreFoundation.framework/Versions/A/CoreFoundation
0x0000000197ba3000 	/System/Library/Frameworks/CoreImage.framework/Versions/A/CoreImage
0x000000018d893000 	/System/Library/Frameworks/CoreText.framework/Versions/A/CoreText
0x000000023048a000 	/System/Library/Frameworks/CoreTransferable.framework/Versions/A/CoreTransferable
0x00000002309c6000 	/System/Library/Frameworks/DataDetection.framework/Versions/A/DataDetection
0x00000002309db000 	/System/Library/Frameworks/DeveloperToolsSupport.framework/Versions/A/DeveloperToolsSupport
0x0000000197854000 	/System/Library/Frameworks/ImageIO.framework/Versions/A/ImageIO
0x000000023a10b000 	/System/Library/Frameworks/Symbols.framework/Versions/A/Symbols
0x00000001c030b000 	/System/Library/PrivateFrameworks/AttributeGraph.framework/Versions/A/AttributeGraph
0x00000001a49da000 	/System/Library/PrivateFrameworks/BoardServices.framework/Versions/A/BoardServices
0x00000001e4aca000 	/System/Library/PrivateFrameworks/FeatureFlags.framework/Versions/A/FeatureFlags
0x00000002559d3000 	/System/Library/PrivateFrameworks/Gestures.framework/Versions/A/Gestures
0x000000019a484000 	/System/Library/PrivateFrameworks/SoftLinking.framework/Versions/A/SoftLinking
0x00000001cebaf000 	/usr/lib/swift/libswiftAccelerate.dylib
0x00000001c5026000 	/usr/lib/swift/libswiftCompression.dylib
0x000000019dde7000 	/usr/lib/swift/libswiftCore.dylib
0x00000001b73b7000 	/usr/lib/swift/libswiftCoreFoundation.dylib
0x00000001b7410000 	/usr/lib/swift/libswiftCoreImage.dylib
0x00000001a4676000 	/usr/lib/swift/libswiftDispatch.dylib
0x00000001b7411000 	/usr/lib/swift/libswiftIOKit.dylib
0x00000001c5019000 	/usr/lib/swift/libswiftMetal.dylib
0x00000001d439e000 	/usr/lib/swift/libswiftOSLog.dylib
0x00000001a753c000 	/usr/lib/swift/libswiftObjectiveC.dylib
0x0000000289c3a000 	/usr/lib/swift/libswiftObservation.dylib
0x00000001ca332000 	/usr/lib/swift/libswiftQuartzCore.dylib
0x0000000289d79000 	/usr/lib/swift/libswiftSynchronization.dylib
0x00000001ceba0000 	/usr/lib/swift/libswiftUniformTypeIdentifiers.dylib
0x00000001b73c9000 	/usr/lib/swift/libswiftXPC.dylib
0x0000000289db3000 	/usr/lib/swift/libswift_Builtin_float.dylib
0x0000000289db6000 	/usr/lib/swift/libswift_Concurrency.dylib
0x00000001a7540000 	/usr/lib/swift/libswiftos.dylib
0x00000001bae76000 	/usr/lib/swift/libswiftsimd.dylib
0x000000019a6ab000 	/usr/lib/libcompression.dylib
0x000000019ce48000 	/System/Library/PrivateFrameworks/TextureIO.framework/Versions/A/TextureIO
0x000000019205e000 	/System/Library/Frameworks/ApplicationServices.framework/Versions/A/Frameworks/HIServices.framework/Versions/A/HIServices
0x000000019bb98000 	/usr/lib/libate.dylib
0x000000019a479000 	/usr/lib/system/libcache.dylib
0x000000019a434000 	/usr/lib/system/libcommonCrypto.dylib
0x000000019a45f000 	/usr/lib/system/libcompiler_rt.dylib
0x000000019a454000 	/usr/lib/system/libcopyfile.dylib
0x000000018a6f8000 	/usr/lib/system/libcorecrypto.dylib
0x000000018a7f1000 	/usr/lib/system/libdispatch.dylib
0x000000018a5ac000 	/usr/lib/system/libdyld.dylib
0x000000019a46f000 	/usr/lib/system/libkeymgr.dylib
0x000000019a417000 	/usr/lib/system/libmacho.dylib
0x00000001996ee000 	/usr/lib/system/libquarantine.dylib
0x000000019a46c000 	/usr/lib/system/libremovefile.dylib
0x0000000191154000 	/usr/lib/system/libsystem_asl.dylib
0x000000018a67d000 	/usr/lib/system/libsystem_blocks.dylib
0x000000018a83b000 	/usr/lib/system/libsystem_c.dylib
0x000000019a463000 	/usr/lib/system/libsystem_collections.dylib
0x0000000198150000 	/usr/lib/system/libsystem_configuration.dylib
0x0000000196cfa000 	/usr/lib/system/libsystem_containermanager.dylib
0x0000000199e7e000 	/usr/lib/system/libsystem_coreservices.dylib
0x000000018e969000 	/usr/lib/system/libsystem_darwin.dylib
0x000000028a109000 	/usr/lib/system/libsystem_darwindirectory.dylib
0x000000019a470000 	/usr/lib/system/libsystem_dnssd.dylib
0x000000028a10d000 	/usr/lib/system/libsystem_eligibility.dylib
0x000000018a838000 	/usr/lib/system/libsystem_featureflags.dylib
0x000000018a9bf000 	/usr/lib/system/libsystem_info.dylib
0x000000019a3d8000 	/usr/lib/system/libsystem_m.dylib
0x000000018a7a5000 	/usr/lib/system/libsystem_malloc.dylib
0x00000001910b6000 	/usr/lib/system/libsystem_networkextension.dylib
0x000000018edda000 	/usr/lib/system/libsystem_notify.dylib
0x0000000198155000 	/usr/lib/system/libsystem_sandbox.dylib
0x000000028a117000 	/usr/lib/system/libsystem_sanitizers.dylib
0x000000019a468000 	/usr/lib/system/libsystem_secinit.dylib
0x000000018a96c000 	/usr/lib/system/libsystem_kernel.dylib
0x000000018a9b6000 	/usr/lib/system/libsystem_platform.dylib
0x000000018a9a9000 	/usr/lib/system/libsystem_pthread.dylib
0x0000000192d30000 	/usr/lib/system/libsystem_symptoms.dylib
0x000000018a6d7000 	/usr/lib/system/libsystem_trace.dylib
0x000000028a11f000 	/usr/lib/system/libsystem_trial.dylib
0x000000019a442000 	/usr/lib/system/libunwind.dylib
0x000000018a681000 	/usr/lib/system/libxpc.dylib
0x000000018a951000 	/usr/lib/libc++abi.dylib
0x000000028994a000 	/usr/lib/libswiftPrespecialized.dylib
0x000000019a481000 	/usr/lib/libfakelink.dylib
0x0000000190cfa000 	/System/Library/Frameworks/CFNetwork.framework/Versions/A/CFNetwork
0x000000019a4d5000 	/usr/lib/libarchive.2.dylib
0x00000001a0657000 	/System/Library/Frameworks/Combine.framework/Versions/A/Combine
0x00000002442b2000 	/System/Library/PrivateFrameworks/CollectionsInternal.framework/Versions/A/CollectionsInternal
0x000000026b431000 	/System/Library/PrivateFrameworks/ReflectionInternal.framework/Versions/A/ReflectionInternal
0x000000026c2bd000 	/System/Library/PrivateFrameworks/RuntimeInternal.framework/Versions/A/RuntimeInternal
0x00000001b425e000 	/usr/lib/swift/libswiftDarwin.dylib
0x0000000289d81000 	/usr/lib/swift/libswiftSystem.dylib
0x0000000289e40000 	/usr/lib/swift/libswift_DarwinFoundation1.dylib
0x0000000289f21000 	/usr/lib/swift/libswift_StringProcessing.dylib
0x000000018ec6e000 	/System/Library/PrivateFrameworks/CoreServicesInternal.framework/Versions/A/CoreServicesInternal
0x000000019a44c000 	/usr/lib/liboah.dylib
0x00000001a6989000 	/System/Library/PrivateFrameworks/DiskImages.framework/Versions/A/DiskImages
0x00000001b3d20000 	/System/Library/Frameworks/NetFS.framework/Versions/A/NetFS
0x0000000194ee2000 	/System/Library/Frameworks/CoreServices.framework/Versions/A/Frameworks/FSEvents.framework/Versions/A/FSEvents
0x000000018e974000 	/System/Library/Frameworks/CoreServices.framework/Versions/A/Frameworks/CarbonCore.framework/Versions/A/CarbonCore
0x00000001942a7000 	/System/Library/Frameworks/CoreServices.framework/Versions/A/Frameworks/Metadata.framework/Versions/A/Metadata
0x0000000199e86000 	/System/Library/Frameworks/CoreServices.framework/Versions/A/Frameworks/OSServices.framework/Versions/A/OSServices
0x000000019a5cd000 	/System/Library/Frameworks/CoreServices.framework/Versions/A/Frameworks/SearchKit.framework/Versions/A/SearchKit
0x0000000192ca9000 	/System/Library/Frameworks/CoreServices.framework/Versions/A/Frameworks/AE.framework/Versions/A/AE
0x000000018af39000 	/System/Library/Frameworks/CoreServices.framework/Versions/A/Frameworks/LaunchServices.framework/Versions/A/LaunchServices
0x000000019b9ee000 	/System/Library/Frameworks/CoreServices.framework/Versions/A/Frameworks/DictionaryServices.framework/Versions/A/DictionaryServices
0x0000000194ef0000 	/System/Library/Frameworks/CoreServices.framework/Versions/A/Frameworks/SharedFileList.framework/Versions/A/SharedFileList
0x000000019a662000 	/usr/lib/libapple_nghttp2.dylib
0x00000001928c3000 	/usr/lib/libsqlite3.dylib
0x00000001a6bd1000 	/System/Library/PrivateFrameworks/AppSupport.framework/Versions/A/AppSupport
0x000000019eb19000 	/System/Library/Frameworks/GSS.framework/Versions/A/GSS
0x0000000192c3d000 	/System/Library/PrivateFrameworks/RunningBoardServices.framework/Versions/A/RunningBoardServices
0x00000001a74ca000 	/System/Library/PrivateFrameworks/StreamingZip.framework/Versions/A/StreamingZip
0x0000000192d39000 	/System/Library/Frameworks/Network.framework/Versions/A/Network
0x000000019a41b000 	/usr/lib/system/libkxld.dylib
0x000000023fb13000 	/System/Library/PrivateFrameworks/AppleKeyStore.framework/Versions/A/AppleKeyStore
0x00000002886dc000 	/usr/lib/libCoreEntitlements.dylib
0x0000000261303000 	/System/Library/PrivateFrameworks/MessageSecurity.framework/Versions/A/MessageSecurity
0x00000001928a7000 	/System/Library/PrivateFrameworks/ProtocolBuffer.framework/Versions/A/ProtocolBuffer
0x00000001a3a77000 	/System/Library/PrivateFrameworks/SymptomDiagnosticReporter.framework/Versions/A/SymptomDiagnosticReporter
0x000000019bc32000 	/System/Library/PrivateFrameworks/CrashReporterSupport.framework/Versions/A/CrashReporterSupport
0x0000000199e65000 	/System/Library/PrivateFrameworks/AppleFSCompression.framework/Versions/A/AppleFSCompression
0x00000001996fe000 	/usr/lib/libcoretls.dylib
0x000000019ba65000 	/usr/lib/libcoretls_cfhelpers.dylib
0x000000019a6a4000 	/usr/lib/libpam.2.dylib
0x000000019bad7000 	/usr/lib/libxar.1.dylib
0x000000019ba67000 	/System/Library/PrivateFrameworks/APFS.framework/Versions/A/APFS
0x0000000276d69000 	/System/Library/PrivateFrameworks/SwiftASN1Internal.framework/Versions/A/SwiftASN1Internal
0x000000019bae6000 	/usr/lib/libutil.dylib
0x000000019815e000 	/System/Library/PrivateFrameworks/AppleSystemInfo.framework/Versions/A/AppleSystemInfo
0x00000001993e6000 	/System/Library/PrivateFrameworks/IOMobileFramebuffer.framework/Versions/A/IOMobileFramebuffer
0x00000001b727d000 	/System/Library/PrivateFrameworks/LoggingSupport.framework/Versions/A/LoggingSupport
0x000000019eb7c000 	/System/Library/PrivateFrameworks/MobileAsset.framework/Versions/A/MobileAsset
0x00000001a3a87000 	/System/Library/PrivateFrameworks/PowerLog.framework/Versions/A/PowerLog
0x0000000239028000 	/System/Library/Frameworks/SwiftData.framework/Versions/A/SwiftData
0x0000000195115000 	/System/Library/PrivateFrameworks/UserManagement.framework/Versions/A/UserManagement
0x0000000190c25000 	/usr/lib/libboringssl.dylib
0x0000000192d1e000 	/usr/lib/libdns_services.dylib
0x00000001b62b4000 	/usr/lib/libquic.dylib
0x000000019dd77000 	/usr/lib/libusrtcp.dylib
0x0000000240905000 	/System/Library/PrivateFrameworks/AtomicsInternal.framework/Versions/A/AtomicsInternal
0x00000001dcc2a000 	/System/Library/PrivateFrameworks/InternalSwiftProtobuf.framework/Versions/A/InternalSwiftProtobuf
0x0000000289c11000 	/usr/lib/swift/libswiftDistributed.dylib
0x000000019815c000 	/System/Library/PrivateFrameworks/AggregateDictionary.framework/Versions/A/AggregateDictionary
0x0000000241098000 	/System/Library/PrivateFrameworks/BiomeLibrary.framework/Versions/A/BiomeLibrary
0x00000001c6039000 	/System/Library/PrivateFrameworks/BiomeStreams.framework/Versions/A/BiomeStreams
0x00000001c2204000 	/System/Library/PrivateFrameworks/BiomeFoundation.framework/Versions/A/BiomeFoundation
0x00000001cc0fa000 	/System/Library/PrivateFrameworks/BiomePubSub.framework/Versions/A/BiomePubSub
0x00000001a84f6000 	/System/Library/PrivateFrameworks/ProactiveSupport.framework/Versions/A/ProactiveSupport
0x000000019ba46000 	/usr/lib/liblzma.5.dylib
0x00000001a6eec000 	/System/Library/PrivateFrameworks/InternationalTextSearch.framework/Versions/A/InternationalTextSearch
0x00000001be708000 	/System/Library/PrivateFrameworks/SoftwareUpdateCoreSupport.framework/Versions/A/SoftwareUpdateCoreSupport
0x00000001c6abd000 	/System/Library/PrivateFrameworks/SoftwareUpdateCoreConnect.framework/Versions/A/SoftwareUpdateCoreConnect
0x00000001a6a87000 	/System/Library/PrivateFrameworks/RemoteServiceDiscovery.framework/Versions/A/RemoteServiceDiscovery
0x00000001be2ff000 	/System/Library/PrivateFrameworks/MSUDataAccessor.framework/Versions/A/MSUDataAccessor
0x00000001b93d9000 	/usr/lib/libbootpolicy.dylib
0x00000001a6a9e000 	/System/Library/PrivateFrameworks/RemoteXPC.framework/Versions/A/RemoteXPC
0x00000001c5f05000 	/usr/lib/libFDR.dylib
0x00000001cbd1b000 	/usr/lib/libamsupport.dylib
0x00000002889f1000 	/usr/lib/libReverseProxyDevice.dylib
0x000000023f43c000 	/System/Library/PrivateFrameworks/AppleDeviceQuerySupport.framework/Versions/A/AppleDeviceQuerySupport
0x00000001cedaf000 	/usr/lib/libpartition2_dynamic.dylib
0x000000019a63e000 	/System/Library/PrivateFrameworks/AppleSauce.framework/Versions/A/AppleSauce
0x000000028857d000 	/usr/lib/libAppleArchive.dylib
0x0000000199e71000 	/usr/lib/libbz2.1.0.dylib
0x000000019433d000 	/System/Library/Frameworks/Accelerate.framework/Versions/A/Frameworks/vImage.framework/Versions/A/vImage
0x00000001a2926000 	/System/Library/Frameworks/Accelerate.framework/Versions/A/Frameworks/vecLib.framework/Versions/A/vecLib
0x000000019bb1d000 	/System/Library/Frameworks/Accelerate.framework/Versions/A/Frameworks/vecLib.framework/Versions/A/libvMisc.dylib
0x000000018b439000 	/System/Library/Frameworks/Accelerate.framework/Versions/A/Frameworks/vecLib.framework/Versions/A/libBLAS.dylib
0x000000019504f000 	/System/Library/Frameworks/CoreVideo.framework/Versions/A/CoreVideo
0x000000019e720000 	/System/Library/Frameworks/ApplicationServices.framework/Versions/A/Frameworks/ATS.framework/Versions/A/ATS
0x000000019cdd1000 	/System/Library/Frameworks/ApplicationServices.framework/Versions/A/Frameworks/PrintCore.framework/Versions/A/PrintCore
0x000000019eae2000 	/System/Library/Frameworks/ApplicationServices.framework/Versions/A/Frameworks/QD.framework/Versions/A/QD
0x000000019eadd000 	/System/Library/Frameworks/ApplicationServices.framework/Versions/A/Frameworks/ColorSyncLegacy.framework/Versions/A/ColorSyncLegacy
0x000000019e6f2000 	/System/Library/Frameworks/ApplicationServices.framework/Versions/A/Frameworks/SpeechSynthesis.framework/Versions/A/SpeechSynthesis
0x0000000197225000 	/System/Library/PrivateFrameworks/FontServices.framework/libFontParser.dylib
0x00000001a67ad000 	/System/Library/PrivateFrameworks/BackBoardServices.framework/Versions/A/BackBoardServices
0x0000000240fb1000 	/System/Library/PrivateFrameworks/BackBoardHIDEventFoundation.framework/Versions/A/BackBoardHIDEventFoundation
0x000000018d3a4000 	/System/Library/Frameworks/CoreDisplay.framework/Versions/A/CoreDisplay
0x000000019c708000 	/System/Library/Frameworks/VideoToolbox.framework/Versions/A/VideoToolbox
0x000000019a6a2000 	/System/Library/Frameworks/MetalPerformanceShaders.framework/Versions/A/MetalPerformanceShaders
0x000000026a49d000 	/System/Library/PrivateFrameworks/ProDisplayLibrary.framework/Versions/A/ProDisplayLibrary
0x00000001aa58d000 	/System/Library/PrivateFrameworks/IOSurfaceAccelerator.framework/Versions/A/IOSurfaceAccelerator
0x0000000196d50000 	/System/Library/PrivateFrameworks/IOAccelerator.framework/Versions/A/IOAccelerator
0x0000000197068000 	/System/Library/Frameworks/CoreMedia.framework/Versions/A/CoreMedia
0x000000019116c000 	/System/Library/PrivateFrameworks/TCC.framework/Versions/A/TCC
0x000000019c6c0000 	/System/Library/PrivateFrameworks/WatchdogClient.framework/Versions/A/WatchdogClient
0x00000001b7397000 	/usr/lib/swift/libswiftCoreAudio.dylib
0x00000001d2bf7000 	/usr/lib/swift/libswiftCoreMedia.dylib
0x0000000289d9b000 	/usr/lib/swift/libswiftVideoToolbox.dylib
0x00000001cc158000 	/System/Library/PrivateFrameworks/BiomeStorage.framework/Versions/A/BiomeStorage
0x000000025b963000 	/System/Library/PrivateFrameworks/IntelligencePlatformLibrary.framework/Versions/A/IntelligencePlatformLibrary
0x000000026979c000 	/System/Library/PrivateFrameworks/PoirotSchematizer.framework/Versions/A/PoirotSchematizer
0x00000002418e0000 	/System/Library/PrivateFrameworks/BiomeSync.framework/Versions/A/BiomeSync
0x000000024107e000 	/System/Library/PrivateFrameworks/BiomeDSL.framework/Versions/A/BiomeDSL
0x0000000269806000 	/System/Library/PrivateFrameworks/PoirotUDFs.framework/Versions/A/PoirotUDFs
0x000000026976b000 	/System/Library/PrivateFrameworks/PoirotSQLite.framework/Versions/A/PoirotSQLite
0x00000001a4ef7000 	/System/Library/PrivateFrameworks/CoreTime.framework/Versions/A/CoreTime
0x000000019a4ba000 	/usr/lib/libiconv.2.dylib
0x000000019a416000 	/usr/lib/libcharset.1.dylib
0x0000000289e81000 	/usr/lib/swift/libswift_RegexParser.dylib
0x0000000242ef1000 	/System/Library/PrivateFrameworks/CascadeSets.framework/Versions/A/CascadeSets
0x000000019ecec000 	/System/Library/PrivateFrameworks/CorePhoneNumbers.framework/Versions/A/CorePhoneNumbers
0x000000019c4a8000 	/System/Library/PrivateFrameworks/AppleJPEG.framework/Versions/A/AppleJPEG
0x000000019be8a000 	/usr/lib/libexpat.1.dylib
0x000000019cca4000 	/System/Library/Frameworks/ImageIO.framework/Versions/A/Resources/libPng.dylib
0x000000019ccd0000 	/System/Library/Frameworks/ImageIO.framework/Versions/A/Resources/libTIFF.dylib
0x000000019cdba000 	/System/Library/Frameworks/ImageIO.framework/Versions/A/Resources/libGIF.dylib
0x000000019c4ed000 	/System/Library/Frameworks/ImageIO.framework/Versions/A/Resources/libJP2.dylib
0x000000019cd60000 	/System/Library/Frameworks/ImageIO.framework/Versions/A/Resources/libJPEG.dylib
0x000000019cd57000 	/System/Library/Frameworks/ImageIO.framework/Versions/A/Resources/libRadiance.dylib
0x0000000252141000 	/System/Library/PrivateFrameworks/GPUCompiler.framework/Versions/32023/Libraries/libllvm-flatbuffers.dylib
0x000000024ca4d000 	/System/Library/PrivateFrameworks/FramePacing.framework/Versions/A/FramePacing
0x000000022eb72000 	/System/Library/Frameworks/OpenGL.framework/Versions/A/Libraries/libCoreFSCache.dylib
0x000000024db8e000 	/System/Library/PrivateFrameworks/GPUCompiler.framework/Versions/32023/Libraries/libGPUCompilerUtils.dylib
0x00000001a4aa7000 	/System/Library/PrivateFrameworks/GraphicsServices.framework/Versions/A/GraphicsServices
0x00000001a8682000 	/System/Library/PrivateFrameworks/ASEProcessing.framework/Versions/A/ASEProcessing
0x00000001d83f9000 	/System/Library/PrivateFrameworks/Symbolication.framework/Versions/A/Symbolication
0x0000000269388000 	/System/Library/PrivateFrameworks/PhotosensitivityProcessing.framework/Versions/A/PhotosensitivityProcessing
0x000000026c4f6000 	/System/Library/PrivateFrameworks/SILManager.framework/Versions/A/SILManager
0x000000019c0bc000 	/System/Library/PrivateFrameworks/GraphVisualizer.framework/Versions/A/GraphVisualizer
0x000000022ebd1000 	/System/Library/Frameworks/OpenGL.framework/Versions/A/Libraries/libGLU.dylib
0x000000022eb94000 	/System/Library/Frameworks/OpenGL.framework/Versions/A/Libraries/libGFXShared.dylib
0x000000022ed60000 	/System/Library/Frameworks/OpenGL.framework/Versions/A/Libraries/libGL.dylib
0x000000022eb9d000 	/System/Library/Frameworks/OpenGL.framework/Versions/A/Libraries/libGLImage.dylib
0x000000022eb91000 	/System/Library/Frameworks/OpenGL.framework/Versions/A/Libraries/libCVMSPluginSupport.dylib
0x000000022eb7a000 	/System/Library/Frameworks/OpenGL.framework/Versions/A/Libraries/libCoreVMClient.dylib
0x000000024c958000 	/System/Library/PrivateFrameworks/FontServices.framework/Versions/A/FontServices
0x000000019c0cc000 	/System/Library/PrivateFrameworks/OTSVG.framework/Versions/A/OTSVG
0x0000000194b96000 	/System/Library/Frameworks/ApplicationServices.framework/Versions/A/Frameworks/ATS.framework/Versions/A/Resources/libFontRegistry.dylib
0x0000000288f01000 	/usr/lib/libhvf.dylib
0x00000002661c0000 	/System/Library/PrivateFrameworks/ParsingInternal.framework/Versions/A/ParsingInternal
0x000000024c95c000 	/System/Library/PrivateFrameworks/FontServices.framework/libXTFontStaticRegistryData.dylib
0x000000019809b000 	/System/Library/Frameworks/MetalPerformanceShaders.framework/Versions/A/Frameworks/MPSCore.framework/Versions/A/MPSCore
0x0000000199dd0000 	/System/Library/Frameworks/MetalPerformanceShaders.framework/Versions/A/Frameworks/MPSImage.framework/Versions/A/MPSImage
0x00000001997a1000 	/System/Library/Frameworks/MetalPerformanceShaders.framework/Versions/A/Frameworks/MPSNeuralNetwork.framework/Versions/A/MPSNeuralNetwork
0x0000000199bd9000 	/System/Library/Frameworks/MetalPerformanceShaders.framework/Versions/A/Frameworks/MPSMatrix.framework/Versions/A/MPSMatrix
0x00000001999ee000 	/System/Library/Frameworks/MetalPerformanceShaders.framework/Versions/A/Frameworks/MPSRayIntersector.framework/Versions/A/MPSRayIntersector
0x0000000199c0b000 	/System/Library/Frameworks/MetalPerformanceShaders.framework/Versions/A/Frameworks/MPSNDArray.framework/Versions/A/MPSNDArray
0x0000000232d09000 	/System/Library/Frameworks/MetalPerformanceShaders.framework/Versions/A/Frameworks/MPSFunctions.framework/Versions/A/MPSFunctions
0x0000000232cea000 	/System/Library/Frameworks/MetalPerformanceShaders.framework/Versions/A/Frameworks/MPSBenchmarkLoop.framework/Versions/A/MPSBenchmarkLoop
0x0000000232d1e000 	/System/Library/Frameworks/MetalPerformanceShaders.framework/Versions/A/Frameworks/MPSHost.framework/Versions/A/MPSHost
0x000000018b255000 	/System/Library/PrivateFrameworks/MetalTools.framework/Versions/A/MetalTools
0x00000001bc522000 	/System/Library/PrivateFrameworks/IOAccelMemoryInfo.framework/Versions/A/IOAccelMemoryInfo
0x00000001ca728000 	/System/Library/PrivateFrameworks/kperf.framework/Versions/A/kperf
0x00000001b7393000 	/System/Library/PrivateFrameworks/GPURawCounter.framework/Versions/A/GPURawCounter
0x00000001a4de0000 	/System/Library/PrivateFrameworks/CoreSymbolication.framework/Versions/A/CoreSymbolication
0x00000001b730a000 	/System/Library/PrivateFrameworks/MallocStackLogging.framework/Versions/A/MallocStackLogging
0x00000001a4dbd000 	/System/Library/PrivateFrameworks/DebugSymbols.framework/Versions/A/DebugSymbols
0x00000001c8f8e000 	/System/Library/PrivateFrameworks/OSAnalytics.framework/Versions/A/OSAnalytics
0x000000024a845000 	/System/Library/PrivateFrameworks/DeviceRecovery.framework/Versions/A/DeviceRecovery
0x0000000230b20000 	/System/Library/Frameworks/ExtensionFoundation.framework/Versions/A/ExtensionFoundation
0x000000019c10d000 	/System/Library/PrivateFrameworks/AppServerSupport.framework/Versions/A/AppServerSupport
0x0000000231e88000 	/System/Library/Frameworks/LightweightCodeRequirements.framework/Versions/A/LightweightCodeRequirements
0x000000019bd89000 	/System/Library/PrivateFrameworks/PlugInKit.framework/Versions/A/PlugInKit
0x000000019960f000 	/System/Library/PrivateFrameworks/AssertionServices.framework/Versions/A/AssertionServices
0x000000019beaf000 	/System/Library/PrivateFrameworks/IconFoundation.framework/Versions/A/IconFoundation
0x0000000258865000 	/System/Library/PrivateFrameworks/IconRendering.framework/Versions/A/IconRendering
0x000000026c46e000 	/System/Library/PrivateFrameworks/SFSymbols.framework/Versions/A/SFSymbols
0x000000018d4c8000 	/System/Library/PrivateFrameworks/AudioToolboxCore.framework/Versions/A/AudioToolboxCore
0x000000019e65a000 	/System/Library/PrivateFrameworks/AudioSession.framework/Versions/A/AudioSession
0x00000001a98ce000 	/System/Library/Frameworks/CoreMIDI.framework/Versions/A/CoreMIDI
0x000000019e6d9000 	/usr/lib/libAudioStatistics.dylib
0x000000019703f000 	/System/Library/PrivateFrameworks/caulk.framework/Versions/A/caulk
0x000000019cc7e000 	/usr/lib/libAudioToolboxUtility.dylib
0x00000001bdb48000 	/usr/lib/swift/libswiftCoreMIDI.dylib
0x000000019eaeb000 	/System/Library/PrivateFrameworks/perfdata.framework/Versions/A/perfdata
0x00000001b63b1000 	/System/Library/PrivateFrameworks/SystemPolicy.framework/Versions/A/SystemPolicy
0x000000019e990000 	/usr/lib/libSMC.dylib
0x000000019eaf9000 	/usr/lib/libperfcheck.dylib
0x00000002409c5000 	/System/Library/PrivateFrameworks/AudioAnalytics.framework/Versions/A/AudioAnalytics
0x0000000289e44000 	/usr/lib/swift/libswift_DarwinFoundation2.dylib
0x0000000289e45000 	/usr/lib/swift/libswift_DarwinFoundation3.dylib
0x00000001dc927000 	/System/Library/Frameworks/OSLog.framework/Versions/A/OSLog
0x00000001b733c000 	/usr/lib/libmis.dylib
0x000000019bfcd000 	/System/Library/PrivateFrameworks/MediaExperience.framework/Versions/A/MediaExperience
0x000000019e428000 	/System/Library/PrivateFrameworks/AudioSession.framework/libSessionUtility.dylib
0x000000019cdc0000 	/System/Library/PrivateFrameworks/CMCaptureCore.framework/Versions/A/CMCaptureCore
0x00000001a3971000 	/System/Library/Frameworks/CoreBluetooth.framework/Versions/A/CoreBluetooth
0x000000019947b000 	/System/Library/PrivateFrameworks/CoreUtils.framework/Versions/A/CoreUtils
0x00000001af2f1000 	/System/Library/PrivateFrameworks/HID.framework/Versions/A/HID
0x0000000249c42000 	/System/Library/PrivateFrameworks/CoreUtilsExtras.framework/Versions/A/CoreUtilsExtras
0x00000002587ba000 	/System/Library/PrivateFrameworks/IO80211.framework/Versions/A/IO80211
0x00000001a03aa000 	/System/Library/Frameworks/IOBluetooth.framework/Versions/A/IOBluetooth
0x00000002405b3000 	/System/Library/PrivateFrameworks/ArgumentParserInternal.framework/Versions/A/ArgumentParserInternal
0x000000019bc29000 	/usr/lib/libIOReport.dylib
0x000000019961e000 	/System/Library/Frameworks/SecurityFoundation.framework/Versions/A/SecurityFoundation
0x000000018bc19000 	/System/Library/PrivateFrameworks/Lexicon.framework/Versions/A/Lexicon
0x0000000199789000 	/usr/lib/libgermantok.dylib
0x0000000198287000 	/System/Library/PrivateFrameworks/LinguisticData.framework/Versions/A/LinguisticData
0x00000001a3b79000 	/System/Library/PrivateFrameworks/MediaKit.framework/Versions/A/MediaKit
0x00000001a3ac4000 	/System/Library/Frameworks/DiscRecording.framework/Versions/A/DiscRecording
0x000000019bea5000 	/usr/lib/libheimdal-asn1.dylib
0x00000001a74a0000 	/System/Library/Frameworks/AudioUnit.framework/Versions/A/AudioUnit
0x0000000194eb5000 	/System/Library/Frameworks/OpenDirectory.framework/Versions/A/OpenDirectory
0x0000000194ec3000 	/System/Library/Frameworks/OpenDirectory.framework/Versions/A/Frameworks/CFOpenDirectory.framework/Versions/A/CFOpenDirectory
0x000000022f0e4000 	/System/Library/Frameworks/AVFAudio.framework/Versions/A/AVFAudio
0x00000001b02c2000 	/usr/lib/libAccessibility.dylib
0x000000025c50a000 	/System/Library/PrivateFrameworks/IsolatedCoreAudioClient.framework/Versions/A/IsolatedCoreAudioClient
0x000000027a344000 	/System/Library/PrivateFrameworks/Tightbeam.framework/Versions/A/Tightbeam
0x0000000245b40000 	/System/Library/PrivateFrameworks/CoreAudioOrchestration.framework/Versions/A/CoreAudioOrchestration
0x00000001cf302000 	/System/Library/PrivateFrameworks/AFKUser.framework/Versions/A/AFKUser
0x00000001a2c13000 	/System/Library/Frameworks/MediaAccessibility.framework/Versions/A/MediaAccessibility
0x000000027e563000 	/System/Library/PrivateFrameworks/VideoToolboxParavirtualizationSupport.framework/Versions/A/VideoToolboxParavirtualizationSupport
0x000000019be41000 	/System/Library/PrivateFrameworks/AppleVA.framework/Versions/A/AppleVA
0x000000019cd52000 	/System/Library/PrivateFrameworks/GPUWrangler.framework/Versions/A/GPUWrangler
0x000000019cd32000 	/System/Library/PrivateFrameworks/IOPresentment.framework/Versions/A/IOPresentment
0x000000019cd5a000 	/System/Library/PrivateFrameworks/DSExternalDisplay.framework/Versions/A/DSExternalDisplay
0x000000024040a000 	/System/Library/PrivateFrameworks/AppleMobileFileIntegrity.framework/Versions/A/AppleMobileFileIntegrity
0x0000000288a7e000 	/usr/lib/libTLE.dylib
0x00000001edc2d000 	/System/Library/PrivateFrameworks/ConfigProfileHelper.framework/Versions/A/ConfigProfileHelper
0x00000001e2a3a000 	/usr/lib/libedit.3.dylib
0x000000025da8a000 	/System/Library/PrivateFrameworks/MIL.framework/Versions/A/MIL
0x00000001bc4e5000 	/usr/lib/libncurses.5.4.dylib
0x00000001993b0000 	/System/Library/PrivateFrameworks/CoreEmoji.framework/Versions/A/CoreEmoji
0x000000018bf35000 	/usr/lib/libCRFSuite.dylib
0x0000000198165000 	/System/Library/PrivateFrameworks/CoreNLP.framework/Versions/A/CoreNLP
0x0000000199728000 	/usr/lib/libmecab.dylib
0x000000019a635000 	/usr/lib/libThaiTokenizer.dylib
0x00000001dcdf2000 	/System/Library/PrivateFrameworks/HIDDisplay.framework/Versions/A/HIDDisplay
0x000000019cd8c000 	/System/Library/Frameworks/ApplicationServices.framework/Versions/A/Frameworks/ATSUI.framework/Versions/A/ATSUI
0x000000019ea71000 	/usr/lib/libcups.2.dylib
0x000000019eb07000 	/System/Library/Frameworks/Kerberos.framework/Versions/A/Kerberos
0x000000019e768000 	/usr/lib/libresolv.9.dylib
0x000000019c121000 	/System/Library/PrivateFrameworks/Heimdal.framework/Versions/A/Heimdal
0x00000001a749f000 	/System/Library/Frameworks/Kerberos.framework/Versions/A/Libraries/libHeimdalProxy.dylib
0x000000019eb6b000 	/System/Library/PrivateFrameworks/CommonAuth.framework/Versions/A/CommonAuth
0x00000001b01bd000 	/System/Library/PrivateFrameworks/AXCoreUtilities.framework/Versions/A/AXCoreUtilities
0x0000000288497000 	/usr/lib/libAXSafeCategoryBundle.dylib
0x0000000199276000 	/System/Library/Frameworks/Accelerate.framework/Versions/A/Frameworks/vecLib.framework/Versions/A/libvDSP.dylib
0x000000019a782000 	/System/Library/Frameworks/Accelerate.framework/Versions/A/Frameworks/vecLib.framework/Versions/A/libLAPACK.dylib
0x000000019978c000 	/System/Library/Frameworks/Accelerate.framework/Versions/A/Frameworks/vecLib.framework/Versions/A/libLinearAlgebra.dylib
0x000000019a67b000 	/System/Library/Frameworks/Accelerate.framework/Versions/A/Frameworks/vecLib.framework/Versions/A/libSparseBLAS.dylib
0x000000019a77d000 	/System/Library/Frameworks/Accelerate.framework/Versions/A/Frameworks/vecLib.framework/Versions/A/libQuadrature.dylib
0x000000019828e000 	/System/Library/Frameworks/Accelerate.framework/Versions/A/Frameworks/vecLib.framework/Versions/A/libBNNS.dylib
0x000000018bd2e000 	/System/Library/Frameworks/Accelerate.framework/Versions/A/Frameworks/vecLib.framework/Versions/A/libSparse.dylib
0x000000019ead0000 	/System/Library/PrivateFrameworks/NetAuth.framework/Versions/A/NetAuth
0x00000001950d4000 	/System/Library/PrivateFrameworks/login.framework/Versions/A/Frameworks/loginsupport.framework/Versions/A/loginsupport
0x00000001996f2000 	/usr/lib/libCheckFix.dylib
0x0000000194241000 	/System/Library/PrivateFrameworks/MetadataUtilities.framework/Versions/A/MetadataUtilities
0x0000000259282000 	/System/Library/PrivateFrameworks/InstalledContentLibrary.framework/Versions/A/InstalledContentLibrary
0x000000018ecaf000 	/System/Library/PrivateFrameworks/CoreServicesStore.framework/Versions/A/CoreServicesStore
0x00000001ca82f000 	/System/Library/PrivateFrameworks/MobileSystemServices.framework/Versions/A/MobileSystemServices
0x000000019baea000 	/usr/lib/libxslt.1.dylib
0x00000001996b1000 	/System/Library/PrivateFrameworks/BackgroundTaskManagement.framework/Versions/A/BackgroundTaskManagement
0x00000001a6b49000 	/usr/lib/libcurl.4.dylib
0x0000000288cb7000 	/usr/lib/libcrypto.46.dylib
0x00000002898d7000 	/usr/lib/libssl.48.dylib
0x00000001a681f000 	/System/Library/Frameworks/LDAP.framework/Versions/A/LDAP
0x00000001a685b000 	/System/Library/PrivateFrameworks/TrustEvaluationAgent.framework/Versions/A/TrustEvaluationAgent
0x000000019e785000 	/usr/lib/libsasl2.2.dylib
0x00000001b425d000 	/usr/lib/swift/libswiftCoreGraphics.dylib
0x00000001a330f000 	/usr/lib/swift/libswiftFoundation.dylib
0x00000001ed5e9000 	/usr/lib/swift/libswiftSwiftOnoneSupport.dylib
0x0000000289fb6000 	/usr/lib/swift/libswiftsys_time.dylib
0x00000001d8bb6000 	/System/Library/PrivateFrameworks/CoreMaterial.framework/Versions/A/CoreMaterial
0x0000000289cfc000 	/usr/lib/swift/libswiftSpatial.dylib
0x0000000288a7b000 	/usr/lib/libSpatial.dylib
0x00000002883b5000 	/System/Library/SubFrameworks/UIUtilities.framework/Versions/A/UIUtilities
0x00000001044c0000 	/Library/Java/JavaVirtualMachines/jdk-21.jdk/Contents/Home/lib/server/libjvm.dylib
0x000000010304c000 	/Library/Java/JavaVirtualMachines/jdk-21.jdk/Contents/Home/lib/libjimage.dylib
0x00000001030a8000 	/Library/Java/JavaVirtualMachines/jdk-21.jdk/Contents/Home/lib/libjdwp.dylib
0x00000001030f0000 	/Library/Java/JavaVirtualMachines/jdk-21.jdk/Contents/Home/lib/libjava.dylib
0x0000000103078000 	/Library/Java/JavaVirtualMachines/jdk-21.jdk/Contents/Home/lib/libinstrument.dylib
0x000000010327c000 	/private/var/folders/64/4gwdtvwj04g0g2389h9vq8zc0000gn/T/idea_libasyncProfiler_dylib_temp_folder/libasyncProfiler.dylib
0x0000000103188000 	/Library/Java/JavaVirtualMachines/jdk-21.jdk/Contents/Home/lib/libzip.dylib
0x0000000288489000 	/usr/lib/i18n/libiconv_std.dylib
0x000000028847f000 	/usr/lib/i18n/libUTF8.dylib
0x000000028848e000 	/usr/lib/i18n/libmapper_none.dylib
0x0000000103330000 	/Library/Java/JavaVirtualMachines/jdk-21.jdk/Contents/Home/lib/libdt_socket.dylib
0x0000000103364000 	/Library/Java/JavaVirtualMachines/jdk-21.jdk/Contents/Home/lib/libnio.dylib
0x0000000103384000 	/Library/Java/JavaVirtualMachines/jdk-21.jdk/Contents/Home/lib/libnet.dylib


VM Arguments:
jvm_args: -agentlib:jdwp=transport=dt_socket,address=127.0.0.1:62142,suspend=y,server=n -javaagent:/Users/ahmattursunbaev/Library/Caches/JetBrains/IntelliJIdea2026.2/captureAgent/debugger-agent.jar=file:///var/folders/64/4gwdtvwj04g0g2389h9vq8zc0000gn/T/capture3296304245866142448.props -agentpath:/private/var/folders/64/4gwdtvwj04g0g2389h9vq8zc0000gn/T/idea_libasyncProfiler_dylib_temp_folder/libasyncProfiler.dylib=version,jfr,event=wall,interval=10ms,cstack=no,file=/Users/ahmattursunbaev/IdeaSnapshots/Main_2026_08_27_221539.jfr,log=/private/var/folders/64/4gwdtvwj04g0g2389h9vq8zc0000gn/T/Main_2026_08_27_221539.jfr.log.txt,logLevel=DEBUG -XX:TieredStopAtLevel=1 -Dspring.output.ansi.enabled=always -Dcom.sun.management.jmxremote -Dspring.jmx.enabled=true -Dspring.liveBeansView.mbeanDomain -Dspring.application.admin.enabled=true -Dmanagement.endpoints.jmx.exposure.include=* -Dkotlinx.coroutines.debug.enable.creation.stack.trace=false -Ddebugger.agent.enable.coroutines=true -Dkotlinx.coroutines.debug.enable.flows.stack.trace=true -Dkotlinx.coroutines.debug.enable.mutable.state.flows.stack.trace=true -Ddebugger.async.stack.trace.for.all.threads=true -Ddebugger.agent.enable.log.capture=true -Dfile.encoding=UTF-8 -Dsun.stdout.encoding=UTF-8 -Dsun.stderr.encoding=UTF-8 
java_command: kg.biamino.projects.Main
java_class_path (initial): /Users/ahmattursunbaev/Desktop/job/epam/trainer/target/classes:/Users/ahmattursunbaev/.m2/repository/org/springframework/boot/spring-boot-starter-web/3.3.4/spring-boot-starter-web-3.3.4.jar:/Users/ahmattursunbaev/.m2/repository/org/springframework/boot/spring-boot-starter/3.3.4/spring-boot-starter-3.3.4.jar:/Users/ahmattursunbaev/.m2/repository/org/springframework/boot/spring-boot/3.3.4/spring-boot-3.3.4.jar:/Users/ahmattursunbaev/.m2/repository/org/springframework/boot/spring-boot-autoconfigure/3.3.4/spring-boot-autoconfigure-3.3.4.jar:/Users/ahmattursunbaev/.m2/repository/org/springframework/boot/spring-boot-starter-logging/3.3.4/spring-boot-starter-logging-3.3.4.jar:/Users/ahmattursunbaev/.m2/repository/ch/qos/logback/logback-classic/1.5.8/logback-classic-1.5.8.jar:/Users/ahmattursunbaev/.m2/repository/ch/qos/logback/logback-core/1.5.8/logback-core-1.5.8.jar:/Users/ahmattursunbaev/.m2/repository/org/apache/logging/log4j/log4j-to-slf4j/2.23.1/log4j-to-slf4j-2.23.1.jar:/Users/ahmattursunbaev/.m2/repository/org/apache/logging/log4j/log4j-api/2.23.1/log4j-api-2.23.1.jar:/Users/ahmattursunbaev/.m2/repository/org/slf4j/jul-to-slf4j/2.0.16/jul-to-slf4j-2.0.16.jar:/Users/ahmattursunbaev/.m2/repository/jakarta/annotation/jakarta.annotation-api/2.1.1/jakarta.annotation-api-2.1.1.jar:/Users/ahmattursunbaev/.m2/repository/org/yaml/snakeyaml/2.2/snakeyaml-2.2.jar:/Users/ahmattursunbaev/.m2/repository/org/springframework/boot/spring-boot-starter-json/3.3.4/spring-boot-starter-json-3.3.4.jar:/Users/ahmattursunbaev/.m2/repository/com/fasterxml/jackson/datatype/jackson-datatype-jdk8/2.17.2/jackson-datatype-jdk8-2.17.2.jar:/Users/ahmattursunbaev/.m2/repository/com/fasterxml/jackson/datatype/jackson-datatype-jsr310/2.17.2/jackson-datatype-jsr310-2.17.2.jar:/Users/ahmattursunbaev/.m2/repository/com/fasterxml/jackson/module/jackson-module-parameter-names/2.17.2/jackson-module-parameter-names-2.17.2.jar:/Users/ahmattursunbaev/.m2/repository/org/springframework/boot/spring-boot-starter-tomcat/3.3.4/spring-boot-starter-tomcat-3.3.4.jar:/Users/ahmattursunbaev/.m2/repository/org/apache/tomcat/embed/tomcat-embed-core/10.1.30/tomcat-embed-core-10.1.30.jar:/Users/ahmattursunbaev/.m2/repository/org/apache/tomcat/embed/tomcat-embed-websocket/10.1.30/tomcat-embed-websocket-10.1.30.jar:/Users/ahmattursunbaev/.m2/repository/org/springframework/spring-web/6.1.13/spring-web-6.1.13.jar:/Users/ahmattursunbaev/.m2/repository/org/springframework/spring-beans/6.1.13/spring-beans-6.1.13.jar:/Users/ahmattursunbaev/.m2/repository/io/micrometer/micrometer-observation/1.13.4/micrometer-observation-1.13.4.jar:/Users/ahmattursunbaev/.m2/repository/io/micrometer/micrometer-commons/1.13.4/micrometer-commons-1.13.4.jar:/Users/ahmattursunbaev/.m2/repository/org/springframework/spring-webmvc/6.1.13/spring-webmvc-6.1.13.jar:/Users/ahmattursunbaev/.m2/repository/org/springframework/spring-context/6.1.13/spring-context-6.1.13.jar:/Users/ahmattursunbaev/.m2/repository/org/springframework/spring-expression/6.1.13/spring-expression-6.1.13.jar:/Users/ahmattursunbaev/.m2/repository/org/springframework/boot/spring-boot-starter-validation/3.3.4/spring-boot-starter-validation-3.3.4.jar:/Users/ahmattursunbaev/.m2/repository/org/apache/tomcat/embed/tomcat-embed-el/10.1.30/tomcat-embed-el-10.1.30.jar:/Users/ahmattursunbaev/.m2/repository/org/hibernate/validator/hibernate-validator/8.0.1.Final/hibernate-validator-8.0.1.Final.jar:/Users/ahmattursunbaev/.m2/repository/jakarta/validation/jakarta.validation-api/3.0.2/jakarta.validation-api-3.0.2.jar:/Users/ahmattursunbaev/.m2/repository/org/jboss/logging/jboss-logging/3.5.3.Final/jboss-logging-3.5.3.Final.jar:/Users/ahmattursunbaev/.m2/repository/com/fasterxml/classmate/1.7.0/classmate-1.7.0.jar:/Users/ahmattursunbaev/.m2/repository/org/springframework/cloud/spring-cloud-starter-netflix-eureka-client/4.1.3/spring-cloud-starter-netflix-eureka-client-4.1.3.jar:/Users/ahmattursunbaev/.m2/repository/org/springframework/cloud/spring-cloud-starter/4.1.4/spring-cloud-starter-4.1.4.jar:/Users/ahmattursunbaev/.m2/repository/org/springframework/cloud/spring-cloud-context/4.1.4/spring-cloud-context-4.1.4.jar:/Users/ahmattursunbaev/.m2/repository/org/springframework/cloud/spring-cloud-commons/4.1.4/spring-cloud-commons-4.1.4.jar:/Users/ahmattursunbaev/.m2/repository/org/springframework/security/spring-security-rsa/1.1.3/spring-security-rsa-1.1.3.jar:/Users/ahmattursunbaev/.m2/repository/org/bouncycastle/bcprov-jdk18on/1.78/bcprov-jdk18on-1.78.jar:/Users/ahmattursunbaev/.m2/repository/org/springframework/cloud/spring-cloud-netflix-eureka-client/4.1.3/spring-cloud-netflix-eureka-client-4.1.3.jar:/Users/ahmattursunbaev/.m2/repository/org/apache/httpcomponents/client5/httpclient5/5.3.1/httpclient5-5.3.1.jar:/Users/ahmattursunbaev/.m2/repository/org/apache/httpcomponents/core5/httpcore5/5.2.5/httpcore5-5.2.5.jar:/Users/ahmattursunbaev/.m2/repository/org/apache/httpcomponents/core5/httpcore5-h2/5.2.5/httpcore5-h2-5.2.5.jar:/Users/ahmattursunbaev/.m2/repository/com/netflix/eureka/eureka-client/2.0.3/eureka-client-2.0.3.jar:/Users/ahmattursunbaev/.m2/repository/com/thoughtworks/xstream/xstream/1.4.20/xstream-1.4.20.jar:/Users/ahmattursunbaev/.m2/repository/io/github/x-stream/mxparser/1.2.2/mxparser-1.2.2.jar:/Users/ahmattursunbaev/.m2/repository/xmlpull/xmlpull/1.1.3.1/xmlpull-1.1.3.1.jar:/Users/ahmattursunbaev/.m2/repository/jakarta/ws/rs/jakarta.ws.rs-api/3.1.0/jakarta.ws.rs-api-3.1.0.jar:/Users/ahmattursunbaev/.m2/repository/jakarta/inject/jakarta.inject-api/2.0.1/jakarta.inject-api-2.0.1.jar:/Users/ahmattursunbaev/.m2/repository/com/netflix/spectator/spectator-api/1.7.3/spectator-api-1.7.3.jar:/Users/ahmattursunbaev/.m2/repository/org/slf4j/slf4j-api/2.0.16/slf4j-api-2.0.16.jar:/Users/ahmattursunbaev/.m2/repository/org/apache/httpcomponents/httpclient/4.5.3/httpclient-4.5.3.jar:/Users/ahmattursunbaev/.m2/repository/org/apache/httpcomponents/httpcore/4.4.16/httpcore-4.4.16.jar:/Users/ahmattursunbaev/.m2/repository/commons-codec/commons-codec/1.16.1/commons-codec-1.16.1.jar:/Users/ahmattursunbaev/.m2/repository/commons-configuration/commons-configuration/1.10/commons-configuration-1.10.jar:/Users/ahmattursunbaev/.m2/repository/commons-lang/commons-lang/2.6/commons-lang-2.6.jar:/Users/ahmattursunbaev/.m2/repository/com/fasterxml/jackson/core/jackson-annotations/2.17.2/jackson-annotations-2.17.2.jar:/Users/ahmattursunbaev/.m2/repository/com/fasterxml/jackson/core/jackson-core/2.17.2/jackson-core-2.17.2.jar:/Users/ahmattursunbaev/.m2/repository/com/netflix/netflix-commons/netflix-eventbus/0.3.0/netflix-eventbus-0.3.0.jar:/Users/ahmattursunbaev/.m2/repository/com/netflix/netflix-commons/netflix-infix/0.3.0/netflix-infix-0.3.0.jar:/Users/ahmattursunbaev/.m2/repository/commons-jxpath/commons-jxpath/1.3/commons-jxpath-1.3.jar:/Users/ahmattursunbaev/.m2/repository/joda-time/joda-time/2.3/joda-time-2.3.jar:/Users/ahmattursunbaev/.m2/repository/org/antlr/antlr-runtime/3.4/antlr-runtime-3.4.jar:/Users/ahmattursunbaev/.m2/repository/org/antlr/stringtemplate/3.2.1/stringtemplate-3.2.1.jar:/Users/ahmattursunbaev/.m2/repository/antlr/antlr/2.7.7/antlr-2.7.7.jar:/Users/ahmattursunbaev/.m2/repository/com/google/code/gson/gson/2.10.1/gson-2.10.1.jar:/Users/ahmattursunbaev/.m2/repository/com/netflix/servo/servo-core/0.5.3/servo-core-0.5.3.jar:/Users/ahmattursunbaev/.m2/repository/org/apache/commons/commons-math/2.2/commons-math-2.2.jar:/Users/ahmattursunbaev/.m2/repository/javax/annotation/javax.annotation-api/1.2/javax.annotation-api-1.2.jar:/Users/ahmattursunbaev/.m2/repository/org/codehaus/jettison/jettison/1.5.4/jettison-1.5.4.jar:/Users/ahmattursunbaev/.m2/repository/com/netflix/eureka/eureka-core/2.0.3/eureka-core-2.0.3.jar:/Users/ahmattursunbaev/.m2/repository/com/fasterxml/woodstox/woodstox-core/6.2.1/woodstox-core-6.2.1.jar:/Users/ahmattursunbaev/.m2/repository/org/codehaus/woodstox/stax2-api/4.2.1/stax2-api-4.2.1.jar:/Users/ahmattursunbaev/.m2/repository/com/google/guava/guava/33.0.0-jre/guava-33.0.0-jre.jar:/Users/ahmattursunbaev/.m2/repository/com/google/guava/failureaccess/1.0.2/failureaccess-1.0.2.jar:/Users/ahmattursunbaev/.m2/repository/com/google/guava/listenablefuture/9999.0-empty-to-avoid-conflict-with-guava/listenablefuture-9999.0-empty-to-avoid-conflict-with-guava.jar:/Users/ahmattursunbaev/.m2/repository/org/checkerframework/checker-qual/3.41.0/checker-qual-3.41.0.jar:/Users/ahmattursunbaev/.m2/repository/com/google/errorprone/error_prone_annotations/2.23.0/error_prone_annotations-2.23.0.jar:/Users/ahmattursunbaev/.m2/repository/com/google/j2objc/j2objc-annotations/2.8/j2objc-annotations-2.8.jar:/Users/ahmattursunbaev/.m2/repository/org/springframework/cloud/spring-cloud-starter-loadbalancer/4.1.4/spring-cloud-starter-loadbalancer-4.1.4.jar:/Users/ahmattursunbaev/.m2/repository/org/springframework/cloud/spring-cloud-loadbalancer/4.1.4/spring-cloud-loadbalancer-4.1.4.jar:/Users/ahmattursunbaev/.m2/repository/io/projectreactor/reactor-core/3.6.10/reactor-core-3.6.10.jar:/Users/ahmattursunbaev/.m2/repository/org/reactivestreams/reactive-streams/1.0.4/reactive-streams-1.0.4.jar:/Users/ahmattursunbaev/.m2/repository/io/projectreactor/addons/reactor-extra/3.5.2/reactor-extra-3.5.2.jar:/Users/ahmattursunbaev/.m2/repository/org/springframework/boot/spring-boot-starter-cache/3.3.4/spring-boot-starter-cache-3.3.4.jar:/Users/ahmattursunbaev/.m2/repository/org/springframework/spring-context-support/6.1.13/spring-context-support-6.1.13.jar:/Users/ahmattursunbaev/.m2/repository/com/stoyanr/evictor/1.0.0/evictor-1.0.0.jar:/Users/ahmattursunbaev/.m2/repository/org/springframework/boot/spring-boot-starter-security/3.3.4/spring-boot-starter-security-3.3.4.jar:/Users/ahmattursunbaev/.m2/repository/org/springframework/spring-aop/6.1.13/spring-aop-6.1.13.jar:/Users/ahmattursunbaev/.m2/repository/org/springframework/security/spring-security-config/6.3.3/spring-security-config-6.3.3.jar:/Users/ahmattursunbaev/.m2/repository/org/springframework/security/spring-security-web/6.3.3/spring-security-web-6.3.3.jar:/Users/ahmattursunbaev/.m2/repository/io/jsonwebtoken/jjwt-api/0.11.5/jjwt-api-0.11.5.jar:/Users/ahmattursunbaev/.m2/repository/io/jsonwebtoken/jjwt-impl/0.11.5/jjwt-impl-0.11.5.jar:/Users/ahmattursunbaev/.m2/repository/io/jsonwebtoken/jjwt-jackson/0.11.5/jjwt-jackson-0.11.5.jar:/Users/ahmattursunbaev/.m2/repository/com/fasterxml/jackson/core/jackson-databind/2.17.2/jackson-databind-2.17.2.jar:/Users/ahmattursunbaev/.m2/repository/org/projectlombok/lombok/1.18.36/lombok-1.18.36.jar:/Users/ahmattursunbaev/.m2/repository/jakarta/xml/bind/jakarta.xml.bind-api/4.0.2/jakarta.xml.bind-api-4.0.2.jar:/Users/ahmattursunbaev/.m2/repository/jakarta/activation/jakarta.activation-api/2.1.3/jakarta.activation-api-2.1.3.jar:/Users/ahmattursunbaev/.m2/repository/net/bytebuddy/byte-buddy/1.14.19/byte-buddy-1.14.19.jar:/Users/ahmattursunbaev/.m2/repository/org/springframework/spring-core/6.1.13/spring-core-6.1.13.jar:/Users/ahmattursunbaev/.m2/repository/org/springframework/spring-jcl/6.1.13/spring-jcl-6.1.13.jar:/Users/ahmattursunbaev/Desktop/job/epam/shared-libs/target/classes:/Users/ahmattursunbaev/.m2/repository/org/springframework/security/spring-security-core/6.3.3/spring-security-core-6.3.3.jar:/Users/ahmattursunbaev/.m2/repository/org/springframework/security/spring-security-crypto/6.3.3/spring-security-crypto-6.3.3.jar:/Users/ahmattursunbaev/.m2/repository/com/h2database/h2/2.2.224/h2-2.2.224.jar:/Users/ahmattursunbaev/.m2/repository/org/springframework/boot/spring-boot-starter-data-jpa/3.3.4/spring-boot-starter-data-jpa-3.3.4.jar:/Users/ahmattursunbaev/.m2/repository/org/springframework/boot/spring-boot-starter-aop/3.3.4/spring-boot-starter-aop-3.3.4.jar:/Users/ahmattursunbaev/.m2/repository/org/aspectj/aspectjweaver/1.9.22.1/aspectjweaver-1.9.22.1.jar:/Users/ahmattursunbaev/.m2/repository/org/springframework/boot/spring-boot-starter-jdbc/3.3.4/spring-boot-starter-jdbc-3.3.4.jar:/Users/ahmattursunbaev/.m2/repository/com/zaxxer/HikariCP/5.1.0/HikariCP-5.1.0.jar:/Users/ahmattursunbaev/.m2/repository/org/springframework/spring-jdbc/6.1.13/spring-jdbc-6.1.13.jar:/Users/ahmattursunbaev/.m2/repository/org/hibernate/orm/hibernate-core/6.5.3.Final/hibernate-core-6.5.3.Final.jar:/Users/ahmattursunbaev/.m2/repository/jakarta/persistence/jakarta.persistence-api/3.1.0/jakarta.persistence-api-3.1.0.jar:/Users/ahmattursunbaev/.m2/repository/jakarta/transaction/jakarta.transaction-api/2.0.1/jakarta.transaction-api-2.0.1.jar:/Users/ahmattursunbaev/.m2/repository/org/hibernate/common/hibernate-commons-annotations/6.0.6.Final/hibernate-commons-annotations-6.0.6.Final.jar:/Users/ahmattursunbaev/.m2/repository/io/smallrye/jandex/3.1.2/jandex-3.1.2.jar:/Users/ahmattursunbaev/.m2/repository/org/glassfish/jaxb/jaxb-runtime/4.0.5/jaxb-runtime-4.0.5.jar:/Users/ahmattursunbaev/.m2/repository/org/glassfish/jaxb/jaxb-core/4.0.5/jaxb-core-4.0.5.jar:/Users/ahmattursunbaev/.m2/repository/org/eclipse/angus/angus-activation/2.0.2/angus-activation-2.0.2.jar:/Users/ahmattursunbaev/.m2/repository/org/glassfish/jaxb/txw2/4.0.5/txw2-4.0.5.jar:/Users/ahmattursunbaev/.m2/repository/com/sun/istack/istack-commons-runtime/4.1.2/istack-commons-runtime-4.1.2.jar:/Users/ahmattursunbaev/.m2/repository/org/antlr/antlr4-runtime/4.13.0/antlr4-runtime-4.13.0.jar:/Users/ahmattursunbaev/.m2/repository/org/springframework/data/spring-data-jpa/3.3.4/spring-data-jpa-3.3.4.jar:/Users/ahmattursunbaev/.m2/repository/org/springframework/data/spring-data-commons/3.3.4/spring-data-commons-3.3.4.jar:/Users/ahmattursunbaev/.m2/repository/org/springframework/spring-orm/6.1.13/spring-orm-6.1.13.jar:/Users/ahmattursunbaev/.m2/repository/org/springframework/spring-tx/6.1.13/spring-tx-6.1.13.jar:/Users/ahmattursunbaev/.m2/repository/org/springframework/spring-aspects/6.1.13/spring-aspects-6.1.13.jar:/Users/ahmattursunbaev/.m2/repository/me/paulschwarz/spring-dotenv/4.0.0/spring-dotenv-4.0.0.jar:/Users/ahmattursunbaev/.m2/repository/io/github/cdimascio/dotenv-java/3.0.0/dotenv-java-3.0.0.jar:/Users/ahmattursunbaev/.m2/repository/org/springframework/boot/spring-boot-starter-activemq/3.3.4/spring-boot-starter-activemq-3.3.4.jar:/Users/ahmattursunbaev/.m2/repository/org/springframework/spring-jms/6.1.13/spring-jms-6.1.13.jar:/Users/ahmattursunbaev/.m2/repository/org/springframework/spring-messaging/6.1.13/spring-messaging-6.1.13.jar:/Users/ahmattursunbaev/.m2/repository/org/apache/activemq/activemq-client/6.1.3/activemq-client-6.1.3.jar:/Users/ahmattursunbaev/.m2/repository/jakarta/jms/jakarta.jms-api/3.1.0/jakarta.jms-api-3.1.0.jar:/Users/ahmattursunbaev/.m2/repository/org/fusesource/hawtbuf/hawtbuf/1.11/hawtbuf-1.11.jar:/Users/ahmattursunbaev/.m2/repository/org/springframework/boot/spring-boot-starter-data-mongodb/3.3.4/spring-boot-starter-data-mongodb-3.3.4.jar:/Users/ahmattursunbaev/.m2/repository/org/mongodb/mongodb-driver-sync/5.0.1/mongodb-driver-sync-5.0.1.jar:/Users/ahmattursunbaev/.m2/repository/org/mongodb/bson/5.0.1/bson-5.0.1.jar:/Users/ahmattursunbaev/.m2/repository/org/mongodb/mongodb-driver-core/5.0.1/mongodb-driver-core-5.0.1.jar:/Users/ahmattursunbaev/.m2/repository/org/mongodb/bson-record-codec/5.0.1/bson-record-codec-5.0.1.jar:/Users/ahmattursunbaev/.m2/repository/org/springframework/data/spring-data-mongodb/4.3.4/spring-data-mongodb-4.3.4.jar:/Applications/IntelliJ IDEA 2.app/Contents/lib/idea_rt.jar
Launcher Type: SUN_STANDARD

[Global flags]
     intx CICompilerCount                          = 4                                         {product} {ergonomic}
     uint ConcGCThreads                            = 2                                         {product} {ergonomic}
     uint G1ConcRefinementThreads                  = 8                                         {product} {ergonomic}
   size_t G1HeapRegionSize                         = 1048576                                   {product} {ergonomic}
    uintx GCDrainStackTargetSize                   = 64                                        {product} {ergonomic}
   size_t InitialHeapSize                          = 134217728                                 {product} {ergonomic}
     bool ManagementServer                         = true                                      {product} {command line}
   size_t MarkStackSize                            = 4194304                                   {product} {ergonomic}
   size_t MaxHeapSize                              = 2147483648                                {product} {ergonomic}
   size_t MaxNewSize                               = 1287651328                                {product} {ergonomic}
   size_t MinHeapDeltaBytes                        = 1048576                                   {product} {ergonomic}
   size_t MinHeapSize                              = 8388608                                   {product} {ergonomic}
    uintx NonNMethodCodeHeapSize                   = 16384                                  {pd product} {ergonomic}
    uintx NonProfiledCodeHeapSize                  = 0                                      {pd product} {ergonomic}
     bool ProfileInterpreter                       = false                                  {pd product} {command line}
    uintx ProfiledCodeHeapSize                     = 0                                      {pd product} {ergonomic}
   size_t SoftMaxHeapSize                          = 2147483648                             {manageable} {ergonomic}
     intx TieredStopAtLevel                        = 1                                         {product} {command line}
     bool UseCompressedOops                        = true                           {product lp64_product} {ergonomic}
     bool UseG1GC                                  = true                                      {product} {ergonomic}
     bool UseNUMA                                  = false                                     {product} {ergonomic}
     bool UseNUMAInterleaving                      = false                                     {product} {ergonomic}

Logging:
Log output configuration:
 #0: stdout all=warning uptime,level,tags foldmultilines=false
 #1: stderr all=off uptime,level,tags foldmultilines=false

Environment Variables:
JAVA_HOME=/Library/Java/JavaVirtualMachines/jdk-21.jdk/Contents/Home
PATH=/Users/ahmattursunbaev/.antigravity-ide/antigravity-ide/bin:/Users/ahmattursunbaev/.antigravity/antigravity/bin:/Users/ahmattursunbaev/.local/bin:/Users/ahmattursunbaev/.nvm/versions/node/v24.11.0/bin:/Users/ahmattursunbaev/mongodb/bin:/Library/PostgreSQL/17/bin:/opt/homebrew/bin:/opt/homebrew/sbin:/Library/Frameworks/Python.framework/Versions/3.12/bin:/usr/local/bin:/System/Cryptexes/App/usr/bin:/usr/bin:/bin:/usr/sbin:/sbin:/var/run/com.apple.security.cryptexd/codex.system/bootstrap/usr/local/bin:/var/run/com.apple.security.cryptexd/codex.system/bootstrap/usr/bin:/var/run/com.apple.security.cryptexd/codex.system/bootstrap/usr/appleinternal/bin:/opt/pmk/env/global/bin:/Applications/VMware Fusion.app/Contents/Public
SHELL=/bin/zsh
LANG=C.UTF-8
TMPDIR=/var/folders/64/4gwdtvwj04g0g2389h9vq8zc0000gn/T/

Active Locale:
LC_ALL=C.UTF-8
LC_COLLATE=C.UTF-8
LC_CTYPE=C.UTF-8
LC_MESSAGES=C.UTF-8
LC_MONETARY=C.UTF-8
LC_NUMERIC=C.UTF-8
LC_TIME=C.UTF-8

Signal Handlers:
   SIGSEGV: crash_handler in libjvm.dylib, mask=11100110000111110111111111111111, flags=SA_ONSTACK|SA_RESTART|SA_SIGINFO, unblocked
    SIGBUS: crash_handler in libjvm.dylib, mask=11100110000111110111111111111111, flags=SA_RESTART|SA_SIGINFO, unblocked
    SIGFPE: crash_handler in libjvm.dylib, mask=11100110000111110111111111111111, flags=SA_RESTART|SA_SIGINFO, unblocked
   SIGPIPE: javaSignalHandler in libjvm.dylib, mask=11100110000111110111111111111111, flags=SA_RESTART|SA_SIGINFO, blocked
   SIGXFSZ: javaSignalHandler in libjvm.dylib, mask=11100110000111110111111111111111, flags=SA_RESTART|SA_SIGINFO, blocked
    SIGILL: crash_handler in libjvm.dylib, mask=11100110000111110111111111111111, flags=SA_RESTART|SA_SIGINFO, unblocked
   SIGUSR2: SR_handler in libjvm.dylib, mask=00000000000000000000000000000000, flags=SA_RESTART|SA_SIGINFO, blocked
    SIGHUP: UserHandler in libjvm.dylib, mask=11100110000111110111111111111111, flags=SA_RESTART|SA_SIGINFO, blocked
    SIGINT: UserHandler in libjvm.dylib, mask=11100110000111110111111111111111, flags=SA_RESTART|SA_SIGINFO, blocked
   SIGTERM: UserHandler in libjvm.dylib, mask=11100110000111110111111111111111, flags=SA_RESTART|SA_SIGINFO, blocked
   SIGQUIT: UserHandler in libjvm.dylib, mask=11100110000111110111111111111111, flags=SA_RESTART|SA_SIGINFO, blocked
   SIGTRAP: crash_handler in libjvm.dylib, mask=11100110000111110111111111111111, flags=SA_RESTART|SA_SIGINFO, unblocked


Periodic native trim disabled

---------------  S Y S T E M  ---------------

OS:
uname: Darwin 25.3.0 Darwin Kernel Version 25.3.0: Wed Jan 28 20:56:34 PST 2026; root:xnu-12377.91.3~2/RELEASE_ARM64_T8122 arm64
OS uptime: 8 days 22:48 hours
rlimit (soft/hard): STACK 8176k/65520k , CORE 0k/infinity , NPROC 1333/2000 , NOFILE 10240/infinity , AS infinity/infinity , CPU infinity/infinity , DATA infinity/infinity , FSIZE infinity/infinity , MEMLOCK infinity/infinity , RSS infinity/infinity
load average: 3.48 3.52 4.90

CPU: total 8 (initial active 8) 0x61:0x0:0xfa33415e:0, fp, asimd, aes, pmull, sha1, sha256, crc32, lse, sha3, sha512
machdep.cpu.brand_string:Apple M3
hw.cachelinesize:128
hw.l1icachesize:131072
hw.l1dcachesize:65536
hw.l2cachesize:4194304

Memory: 16k page, physical 8388608k(157712k free), swap 12582912k(927360k free)

vm_info: Java HotSpot(TM) 64-Bit Server VM (21.0.4+8-LTS-274) for bsd-aarch64 JRE (21.0.4+8-LTS-274), built on 2024-06-05T05:23:33Z by "mach5one" with clang Apple LLVM 12.0.0 (clang-1200.0.32.29)

END.
